,Gender,Gap,10_Result,12_Result,Sem1,Sem2,Sem3,Sem4,Sem5,Caste,admission_category
0,1,0,4.0,4.0,6.0,6.0,6.0,7.0,7.0,7,5
1,1,0,3.0,3.0,3.0,5.0,4.0,5.0,0.0,7,9
2,1,0,3.0,3.0,5.0,5.0,6.0,6.0,6.0,7,9
3,1,0,3.0,3.0,5.0,4.0,5.0,5.0,5.0,7,9
4,1,0,4.0,4.0,6.0,6.0,6.0,6.0,6.0,7,12
5,0,1,4.0,4.0,7.0,6.0,7.0,7.0,6.0,7,12
6,0,0,4.0,4.0,6.0,6.0,7.0,7.0,6.0,7,5
7,1,1,3.0,3.0,5.0,5.0,5.0,6.0,5.0,7,5
8,0,0,4.0,4.0,6.0,6.0,7.0,7.0,6.0,7,5
9,1,0,3.0,3.0,5.0,5.0,6.0,6.0,5.0,11,5
12,1,0,4.0,4.0,7.0,6.0,7.0,7.0,6.0,7,5
14,0,0,3.0,3.0,4.0,5.0,5.0,6.0,5.0,7,9
15,0,0,3.0,3.0,4.0,5.0,6.0,6.0,5.0,7,9
16,1,0,4.0,4.0,4.0,5.0,4.0,5.0,5.0,7,9
17,1,0,4.0,4.0,6.0,6.0,6.0,6.0,6.0,7,9
18,1,0,4.0,4.0,6.0,6.0,7.0,6.0,6.0,7,5
19,1,0,3.0,3.0,6.0,5.0,6.0,7.0,6.0,7,5
20,0,0,4.0,4.0,5.0,5.0,5.0,5.0,5.0,7,9
21,0,0,4.0,4.0,7.0,7.0,7.0,7.0,6.0,7,5
22,1,0,3.0,3.0,6.0,6.0,4.0,6.0,5.0,7,9
23,0,0,3.0,3.0,4.0,4.0,4.0,5.0,6.0,7,5
24,1,0,3.0,3.0,4.0,5.0,6.0,6.0,6.0,7,9
27,0,0,4.0,4.0,6.0,7.0,6.0,6.0,6.0,7,5
28,0,0,4.0,4.0,7.0,7.0,7.0,7.0,7.0,7,5
29,1,0,4.0,4.0,5.0,5.0,5.0,5.0,4.0,7,5
30,1,1,4.0,4.0,6.0,7.0,6.0,6.0,6.0,6,5
31,1,0,3.0,3.0,3.0,4.0,3.0,4.0,3.0,7,5
32,1,0,4.0,4.0,5.0,5.0,5.0,6.0,5.0,7,9
33,0,0,4.0,4.0,6.0,6.0,7.0,7.0,7.0,7,9
35,0,0,4.0,4.0,5.0,6.0,6.0,7.0,7.0,7,5
36,0,0,4.0,4.0,5.0,6.0,6.0,6.0,6.0,7,5
37,0,0,3.0,3.0,4.0,4.0,3.0,5.0,5.0,7,9
38,0,0,4.0,4.0,6.0,7.0,7.0,7.0,7.0,7,5
39,1,0,3.0,3.0,3.0,3.0,4.0,5.0,0.0,7,9
40,1,0,4.0,4.0,7.0,6.0,6.0,5.0,5.0,7,5
42,1,0,3.0,3.0,5.0,4.0,4.0,6.0,5.0,7,9
43,0,0,4.0,4.0,5.0,5.0,5.0,6.0,7.0,7,9
44,1,0,4.0,4.0,5.0,5.0,5.0,6.0,5.0,6,5
45,1,0,3.0,3.0,3.0,4.0,3.0,4.0,4.0,7,9
49,1,1,4.0,4.0,6.0,6.0,6.0,7.0,6.0,7,5
51,1,0,3.0,3.0,5.0,4.0,5.0,6.0,6.0,7,9
52,1,0,4.0,4.0,6.0,6.0,6.0,6.0,6.0,7,9
53,1,1,3.0,3.0,4.0,4.0,0.0,4.0,0.0,7,9
54,0,0,4.0,4.0,6.0,6.0,6.0,7.0,6.0,7,5
55,1,0,4.0,4.0,5.0,5.0,5.0,6.0,6.0,7,5
56,1,0,3.0,3.0,4.0,5.0,4.0,5.0,5.0,7,5
58,1,0,4.0,4.0,6.0,5.0,6.0,6.0,6.0,7,5
59,1,0,4.0,4.0,5.0,5.0,5.0,6.0,6.0,7,5
60,0,0,4.0,4.0,5.0,6.0,6.0,7.0,5.0,7,9
61,1,0,3.0,3.0,4.0,4.0,3.0,4.0,4.0,7,9
62,1,0,4.0,4.0,6.0,5.0,7.0,7.0,7.0,7,9
63,0,0,3.0,3.0,4.0,3.0,4.0,5.0,5.0,7,9
65,0,0,4.0,4.0,6.0,5.0,7.0,7.0,6.0,7,5
66,1,0,3.0,3.0,5.0,6.0,6.0,6.0,5.0,7,9
67,1,0,4.0,4.0,5.0,5.0,6.0,7.0,6.0,7,9
68,0,0,4.0,4.0,6.0,6.0,7.0,7.0,7.0,7,9
69,1,0,4.0,4.0,6.0,6.0,7.0,6.0,6.0,7,9
70,0,0,4.0,4.0,6.0,7.0,6.0,6.0,6.0,7,9
72,0,0,4.0,4.0,7.0,6.0,6.0,7.0,6.0,7,9
73,0,0,3.0,3.0,5.0,6.0,6.0,6.0,6.0,7,5
74,1,0,4.0,4.0,6.0,5.0,5.0,5.0,5.0,6,5
75,0,0,4.0,4.0,5.0,6.0,6.0,6.0,7.0,7,5
76,1,0,3.0,3.0,6.0,6.0,6.0,6.0,6.0,6,12
77,1,0,3.0,3.0,5.0,5.0,5.0,4.0,5.0,7,9
78,1,0,3.0,3.0,6.0,6.0,7.0,7.0,7.0,7,5
79,1,0,3.0,3.0,6.0,6.0,7.0,6.0,7.0,7,9
80,1,0,3.0,3.0,3.0,5.0,5.0,5.0,4.0,7,9
81,0,0,4.0,4.0,6.0,6.0,7.0,7.0,7.0,7,9
82,1,0,4.0,4.0,6.0,5.0,5.0,5.0,5.0,7,5
83,1,1,4.0,4.0,7.0,7.0,7.0,7.0,6.0,7,12
84,1,0,4.0,4.0,7.0,7.0,7.0,7.0,6.0,7,5
85,0,0,4.0,4.0,6.0,6.0,7.0,7.0,6.0,7,5
86,1,0,4.0,4.0,6.0,7.0,6.0,6.0,7.0,7,9
88,1,0,3.0,3.0,4.0,5.0,5.0,4.0,5.0,7,5
90,1,0,4.0,4.0,6.0,6.0,5.0,6.0,5.0,7,9
92,1,0,3.0,3.0,6.0,5.0,5.0,6.0,5.0,7,12
93,1,0,3.0,3.0,3.0,4.0,3.0,3.0,4.0,7,5
94,0,1,3.0,3.0,3.0,3.0,4.0,4.0,5.0,7,9
96,1,0,4.0,4.0,5.0,6.0,7.0,7.0,6.0,7,5
97,1,0,4.0,4.0,6.0,5.0,6.0,6.0,5.0,7,5
98,1,0,4.0,4.0,5.0,6.0,6.0,7.0,7.0,7,9
99,1,0,3.0,3.0,3.0,3.0,3.0,5.0,5.0,7,9
100,1,0,3.0,3.0,5.0,5.0,6.0,6.0,6.0,7,9
101,0,0,4.0,4.0,6.0,7.0,7.0,7.0,6.0,7,5
102,1,0,4.0,4.0,4.0,5.0,4.0,4.0,4.0,7,5
103,1,0,3.0,3.0,3.0,3.0,3.0,4.0,4.0,7,5
104,0,0,3.0,3.0,7.0,7.0,7.0,7.0,7.0,7,9
106,1,0,3.0,3.0,5.0,6.0,6.0,7.0,7.0,7,9
108,1,0,4.0,4.0,5.0,6.0,5.0,5.0,6.0,7,5
109,0,0,3.0,3.0,5.0,5.0,6.0,6.0,5.0,7,9
110,1,0,3.0,3.0,6.0,7.0,7.0,6.0,7.0,6,5
111,1,0,4.0,4.0,4.0,3.0,2.0,3.0,4.0,7,5
112,0,0,4.0,4.0,5.0,5.0,5.0,5.0,5.0,7,5
115,0,0,4.0,4.0,4.0,5.0,5.0,7.0,7.0,7,9
116,1,0,3.0,3.0,4.0,5.0,3.0,3.0,3.0,7,5
117,0,0,4.0,4.0,5.0,6.0,5.0,5.0,5.0,7,5
119,1,0,4.0,4.0,6.0,6.0,6.0,7.0,7.0,7,5
120,1,0,3.0,3.0,4.0,5.0,5.0,7.0,6.0,7,5
121,1,0,4.0,4.0,5.0,5.0,6.0,6.0,7.0,7,5
122,1,0,4.0,4.0,4.0,5.0,6.0,6.0,7.0,7,5
123,1,0,3.0,3.0,4.0,5.0,6.0,7.0,7.0,7,9
124,1,0,4.0,4.0,5.0,5.0,6.0,6.0,6.0,7,5
125,1,0,4.0,4.0,5.0,5.0,4.0,5.0,5.0,7,5
126,1,0,3.0,3.0,3.0,4.0,5.0,5.0,5.0,7,9
127,1,0,3.0,3.0,4.0,5.0,5.0,6.0,5.0,7,9
128,1,0,4.0,4.0,5.0,5.0,5.0,5.0,6.0,7,9
130,1,0,4.0,4.0,5.0,5.0,4.0,5.0,5.0,7,12
131,0,0,4.0,4.0,5.0,5.0,6.0,7.0,6.0,7,9
132,1,0,3.0,3.0,6.0,6.0,6.0,6.0,6.0,7,9
133,0,0,3.0,3.0,4.0,4.0,5.0,6.0,6.0,7,9
134,1,0,3.0,3.0,5.0,5.0,6.0,6.0,6.0,7,5
135,1,0,4.0,4.0,5.0,6.0,6.0,5.0,6.0,7,5
136,1,0,4.0,4.0,4.0,6.0,5.0,5.0,6.0,7,5
138,0,0,4.0,4.0,6.0,6.0,7.0,7.0,7.0,7,5
139,0,0,3.0,3.0,3.0,4.0,5.0,6.0,6.0,7,9
140,1,0,4.0,4.0,4.0,4.0,4.0,5.0,6.0,7,9
141,0,0,3.0,3.0,4.0,4.0,4.0,5.0,5.0,7,9
142,0,0,3.0,3.0,4.0,5.0,5.0,7.0,6.0,7,9
143,0,0,4.0,4.0,4.0,3.0,5.0,5.0,6.0,7,9
144,0,0,4.0,4.0,5.0,5.0,5.0,5.0,6.0,6,5
145,1,0,3.0,3.0,5.0,5.0,5.0,5.0,6.0,10,5
146,1,0,3.0,3.0,3.0,3.0,3.0,3.0,4.0,7,9
147,1,0,3.0,3.0,4.0,5.0,4.0,4.0,4.0,7,5
149,1,0,3.0,3.0,6.0,7.0,6.0,6.0,6.0,7,5
150,1,0,3.0,3.0,5.0,7.0,6.0,6.0,7.0,7,5
151,0,0,4.0,4.0,5.0,5.0,5.0,6.0,6.0,7,9
153,1,0,4.0,4.0,5.0,5.0,4.0,4.0,0.0,7,5
155,0,0,4.0,4.0,4.0,4.0,5.0,6.0,6.0,7,5
156,0,0,3.0,3.0,4.0,4.0,5.0,5.0,6.0,7,9
157,1,0,3.0,3.0,3.0,5.0,5.0,5.0,7.0,7,9
158,1,1,3.0,3.0,5.0,6.0,5.0,6.0,5.0,7,5
159,0,0,4.0,4.0,4.0,4.0,4.0,5.0,5.0,7,5
160,1,0,4.0,4.0,6.0,7.0,7.0,7.0,7.0,7,5
161,1,0,3.0,3.0,5.0,5.0,4.0,4.0,5.0,7,9
163,0,0,3.0,3.0,4.0,5.0,4.0,6.0,6.0,7,9
164,1,0,4.0,4.0,5.0,6.0,5.0,5.0,5.0,7,5
165,0,0,3.0,3.0,3.0,4.0,4.0,5.0,6.0,7,5
166,1,0,3.0,3.0,3.0,4.0,6.0,6.0,6.0,7,5
167,0,0,3.0,3.0,4.0,4.0,5.0,6.0,7.0,7,9
168,1,0,3.0,3.0,3.0,4.0,4.0,5.0,5.0,7,9
171,1,0,4.0,4.0,7.0,7.0,6.0,7.0,7.0,7,5
172,1,0,3.0,3.0,3.0,4.0,4.0,4.0,5.0,7,9
173,1,0,3.0,3.0,5.0,5.0,5.0,5.0,6.0,7,9
175,1,0,3.0,3.0,5.0,5.0,4.0,5.0,5.0,7,5
176,1,0,4.0,4.0,4.0,4.0,4.0,5.0,6.0,7,9
177,0,0,3.0,3.0,3.0,3.0,4.0,6.0,6.0,7,9
178,1,0,3.0,3.0,5.0,6.0,5.0,6.0,6.0,7,5
181,1,0,4.0,4.0,6.0,5.0,6.0,7.0,6.0,7,5
182,1,0,3.0,3.0,5.0,5.0,6.0,6.0,6.0,7,5
183,1,0,4.0,4.0,4.0,4.0,4.0,5.0,4.0,6,2
184,1,0,4.0,4.0,7.0,6.0,6.0,5.0,6.0,7,5
186,0,0,4.0,4.0,4.0,5.0,5.0,5.0,6.0,7,5
187,1,0,3.0,3.0,4.0,5.0,5.0,5.0,5.0,7,9
188,1,0,4.0,4.0,4.0,5.0,5.0,6.0,5.0,7,9
189,1,0,3.0,3.0,3.0,4.0,4.0,4.0,0.0,7,9
190,0,0,4.0,4.0,6.0,6.0,7.0,6.0,6.0,7,5
191,1,1,4.0,4.0,6.0,6.0,7.0,6.0,7.0,7,5
192,1,1,3.0,3.0,3.0,4.0,3.0,3.0,5.0,7,9
194,1,0,3.0,3.0,4.0,5.0,6.0,6.0,7.0,7,9
195,1,0,3.0,3.0,4.0,5.0,4.0,6.0,6.0,7,9
196,1,0,3.0,3.0,3.0,4.0,4.0,4.0,6.0,7,9
198,1,0,3.0,3.0,4.0,4.0,4.0,6.0,6.0,7,5
199,0,0,4.0,4.0,3.0,4.0,4.0,4.0,5.0,7,5
200,1,0,4.0,4.0,6.0,6.0,6.0,5.0,6.0,7,5
202,1,0,3.0,3.0,7.0,6.0,7.0,7.0,7.0,7,5
203,0,1,4.0,4.0,5.0,4.0,5.0,5.0,5.0,7,9
204,1,0,3.0,3.0,5.0,6.0,4.0,6.0,6.0,7,5
205,1,0,3.0,3.0,3.0,4.0,4.0,4.0,0.0,10,9
206,0,0,3.0,3.0,3.0,3.0,3.0,3.0,4.0,7,5
207,1,0,4.0,4.0,4.0,6.0,6.0,6.0,6.0,7,5
208,1,0,3.0,3.0,3.0,3.0,4.0,4.0,5.0,7,5
209,0,0,3.0,3.0,3.0,4.0,4.0,5.0,5.0,7,9
210,1,0,4.0,4.0,7.0,7.0,7.0,7.0,7.0,7,5
211,0,0,4.0,4.0,3.0,4.0,4.0,4.0,5.0,7,5
213,0,0,4.0,4.0,6.0,5.0,6.0,7.0,7.0,7,9
214,0,0,4.0,4.0,5.0,5.0,6.0,7.0,7.0,7,9
215,1,0,3.0,3.0,3.0,3.0,3.0,2.0,4.0,7,5
217,0,0,3.0,3.0,4.0,5.0,5.0,5.0,6.0,11,5
220,1,0,3.0,3.0,5.0,7.0,6.0,5.0,5.0,7,5
221,0,2,3.0,3.0,4.0,4.0,6.0,6.0,7.0,7,5
222,1,0,3.0,3.0,4.0,3.0,4.0,4.0,4.0,7,9
223,1,0,3.0,3.0,4.0,5.0,4.0,3.0,5.0,7,5
225,0,0,4.0,4.0,4.0,5.0,5.0,6.0,6.0,6,5
226,1,0,4.0,4.0,4.0,5.0,6.0,5.0,6.0,6,5
227,1,0,3.0,3.0,4.0,3.0,3.0,2.0,0.0,7,9
230,1,0,3.0,3.0,5.0,5.0,6.0,6.0,6.0,7,5
231,0,0,3.0,3.0,6.0,6.0,7.0,7.0,7.0,7,12
233,1,0,3.0,3.0,4.0,5.0,6.0,6.0,6.0,7,5
234,1,0,3.0,3.0,3.0,3.0,3.0,4.0,6.0,7,5
236,1,0,3.0,3.0,4.0,5.0,5.0,5.0,6.0,7,5
237,1,0,3.0,3.0,6.0,5.0,6.0,5.0,5.0,7,5
240,1,0,3.0,3.0,4.0,5.0,5.0,5.0,6.0,6,5
242,1,0,4.0,4.0,5.0,4.0,4.0,5.0,6.0,7,5
245,1,1,3.0,3.0,5.0,5.0,3.0,5.0,5.0,7,5
246,1,0,3.0,3.0,5.0,6.0,6.0,6.0,7.0,7,5
249,1,0,4.0,4.0,6.0,6.0,6.0,7.0,7.0,7,5
250,1,0,3.0,3.0,4.0,4.0,6.0,4.0,6.0,6,5
251,0,0,4.0,4.0,6.0,6.0,7.0,7.0,7.0,7,5
252,1,0,4.0,4.0,6.0,7.0,6.0,7.0,7.0,7,5
253,0,0,4.0,4.0,5.0,6.0,7.0,7.0,7.0,7,5
254,0,0,3.0,3.0,5.0,5.0,5.0,4.0,0.0,7,5
255,1,0,4.0,4.0,4.0,5.0,6.0,4.0,6.0,6,2
257,1,0,3.0,3.0,7.0,7.0,5.0,6.0,6.0,7,12
258,1,1,4.0,4.0,5.0,6.0,6.0,7.0,7.0,7,5
259,1,0,3.0,3.0,4.0,4.0,4.0,3.0,6.0,7,9
260,1,0,3.0,3.0,4.0,6.0,5.0,5.0,5.0,7,9
261,0,0,3.0,3.0,5.0,5.0,5.0,5.0,7.0,7,5
262,1,0,4.0,4.0,7.0,7.0,7.0,6.0,7.0,7,5
264,1,0,4.0,4.0,4.0,6.0,6.0,5.0,6.0,7,5
265,1,0,3.0,3.0,5.0,5.0,5.0,6.0,7.0,7,5
266,1,0,3.0,3.0,3.0,4.0,3.0,4.0,4.0,7,9
267,1,0,3.0,3.0,4.0,5.0,5.0,4.0,6.0,6,2
269,1,0,4.0,4.0,5.0,5.0,6.0,7.0,6.0,7,5
270,1,0,3.0,3.0,5.0,6.0,5.0,6.0,6.0,7,5
271,1,0,4.0,4.0,3.0,3.0,2.0,3.0,4.0,7,5
272,1,0,4.0,4.0,4.0,4.0,5.0,5.0,5.0,7,5
273,1,0,4.0,4.0,6.0,5.0,5.0,6.0,5.0,7,5
274,1,0,4.0,4.0,7.0,6.0,7.0,7.0,7.0,7,5
275,1,0,4.0,4.0,6.0,5.0,4.0,6.0,7.0,7,5
276,1,0,4.0,4.0,4.0,4.0,4.0,5.0,6.0,7,5
278,1,0,4.0,4.0,6.0,6.0,7.0,7.0,7.0,6,12
279,1,0,4.0,4.0,5.0,6.0,7.0,7.0,7.0,6,5
280,1,0,3.0,3.0,4.0,5.0,3.0,3.0,0.0,7,9
281,1,0,3.0,3.0,4.0,5.0,4.0,6.0,7.0,10,5
284,1,0,3.0,3.0,4.0,5.0,5.0,5.0,6.0,7,5
285,1,0,3.0,3.0,4.0,6.0,4.0,5.0,5.0,7,5
286,1,0,4.0,4.0,6.0,7.0,7.0,7.0,7.0,7,5
288,0,0,3.0,3.0,5.0,5.0,6.0,7.0,6.0,7,5
289,0,0,3.0,3.0,3.0,4.0,4.0,5.0,5.0,7,5
290,1,0,4.0,4.0,6.0,7.0,6.0,7.0,7.0,7,5
295,1,0,4.0,4.0,5.0,6.0,4.0,5.0,6.0,7,5
296,1,0,4.0,4.0,6.0,6.0,7.0,7.0,7.0,6,5
297,1,0,4.0,4.0,5.0,7.0,5.0,6.0,6.0,7,9
298,1,0,4.0,4.0,5.0,5.0,4.0,4.0,5.0,7,5
299,1,1,4.0,4.0,6.0,7.0,7.0,7.0,7.0,7,7
300,1,0,4.0,4.0,5.0,5.0,5.0,6.0,7.0,7,12
301,1,0,3.0,3.0,2.0,4.0,3.0,3.0,3.0,7,5
303,0,0,4.0,4.0,3.0,4.0,4.0,4.0,4.0,7,9
304,0,0,3.0,3.0,3.0,4.0,4.0,4.0,0.0,7,9
306,1,0,3.0,3.0,5.0,5.0,6.0,6.0,7.0,7,9
309,1,0,3.0,3.0,4.0,4.0,4.0,5.0,5.0,7,9
312,1,0,4.0,4.0,5.0,4.0,6.0,7.0,7.0,6,5
316,1,0,3.0,3.0,2.0,4.0,3.0,3.0,4.0,7,5
317,0,1,4.0,4.0,6.0,6.0,6.0,6.0,5.0,7,9
319,0,0,4.0,4.0,3.0,5.0,3.0,4.0,4.0,7,5
320,1,0,3.0,3.0,3.0,5.0,3.0,4.0,0.0,6,5
321,1,0,3.0,3.0,3.0,4.0,3.0,4.0,6.0,7,5
322,1,0,3.0,3.0,4.0,4.0,2.0,3.0,0.0,7,5
324,1,0,3.0,3.0,2.0,4.0,3.0,4.0,4.0,11,5
325,0,0,3.0,3.0,4.0,4.0,3.0,4.0,6.0,7,5
326,1,0,4.0,4.0,6.0,5.0,5.0,5.0,6.0,7,5
327,1,0,3.0,3.0,4.0,4.0,4.0,4.0,5.0,7,9
330,1,0,3.0,3.0,3.0,3.0,2.0,3.0,0.0,7,5
331,1,0,4.0,4.0,4.0,5.0,5.0,6.0,5.0,7,5
332,1,0,3.0,3.0,5.0,4.0,4.0,5.0,4.0,7,5
333,1,0,3.0,3.0,6.0,6.0,7.0,7.0,7.0,7,9
335,1,0,3.0,3.0,4.0,4.0,4.0,5.0,5.0,7,9
336,0,0,3.0,3.0,4.0,4.0,4.0,6.0,6.0,7,9
337,0,0,4.0,4.0,5.0,6.0,6.0,7.0,7.0,7,9
338,0,0,3.0,3.0,6.0,7.0,7.0,7.0,7.0,7,9
339,0,0,3.0,3.0,4.0,4.0,5.0,6.0,5.0,7,9
340,1,0,4.0,4.0,5.0,5.0,5.0,6.0,5.0,7,9
341,0,0,4.0,4.0,5.0,6.0,5.0,7.0,7.0,7,5
342,1,0,3.0,3.0,3.0,5.0,6.0,5.0,5.0,7,9
345,1,0,3.0,3.0,6.0,6.0,5.0,6.0,6.0,7,5
346,1,0,4.0,4.0,5.0,5.0,6.0,7.0,7.0,7,5
348,1,0,3.0,3.0,3.0,4.0,3.0,4.0,5.0,7,9
349,1,0,4.0,4.0,6.0,7.0,6.0,6.0,6.0,7,5
350,1,0,3.0,3.0,4.0,3.0,4.0,5.0,4.0,7,9
351,1,0,4.0,4.0,7.0,7.0,7.0,7.0,7.0,6,9
352,0,0,3.0,3.0,5.0,6.0,4.0,6.0,6.0,7,9
354,1,0,4.0,4.0,4.0,5.0,5.0,5.0,4.0,7,5
355,1,0,4.0,4.0,5.0,5.0,3.0,4.0,4.0,7,5
356,1,0,4.0,4.0,4.0,3.0,3.0,5.0,4.0,7,7
357,1,0,3.0,3.0,5.0,5.0,4.0,6.0,5.0,7,9
359,1,0,4.0,4.0,4.0,6.0,5.0,6.0,5.0,7,5
360,1,0,4.0,4.0,6.0,5.0,6.0,6.0,5.0,7,5
361,1,0,3.0,3.0,4.0,4.0,5.0,5.0,5.0,7,9
362,0,0,3.0,3.0,4.0,3.0,4.0,5.0,5.0,7,9
363,1,0,4.0,4.0,3.0,5.0,5.0,6.0,5.0,7,9
364,1,0,4.0,4.0,4.0,5.0,5.0,5.0,5.0,7,5
365,1,0,4.0,4.0,5.0,6.0,5.0,6.0,6.0,7,5
367,1,0,3.0,3.0,5.0,5.0,5.0,6.0,6.0,7,9
368,1,0,3.0,3.0,5.0,6.0,4.0,5.0,5.0,7,5
369,1,0,3.0,3.0,3.0,4.0,4.0,4.0,5.0,7,5
370,1,0,3.0,3.0,3.0,3.0,4.0,4.0,5.0,7,9
371,1,0,4.0,4.0,3.0,5.0,5.0,6.0,5.0,7,5
374,1,0,4.0,4.0,7.0,7.0,7.0,7.0,7.0,7,5
375,1,0,4.0,4.0,5.0,6.0,6.0,7.0,7.0,7,5
376,1,0,4.0,4.0,6.0,6.0,5.0,6.0,6.0,7,5
379,0,0,4.0,4.0,4.0,4.0,6.0,7.0,6.0,7,5
381,1,0,3.0,3.0,4.0,5.0,4.0,5.0,5.0,7,9
382,1,0,3.0,3.0,3.0,3.0,3.0,4.0,4.0,7,9
383,1,0,4.0,4.0,4.0,5.0,5.0,6.0,6.0,7,9
385,1,0,3.0,3.0,4.0,4.0,5.0,6.0,6.0,7,5
387,0,0,4.0,4.0,5.0,5.0,5.0,7.0,6.0,7,5
389,1,0,3.0,3.0,7.0,7.0,7.0,7.0,7.0,7,5
390,0,0,4.0,4.0,7.0,6.0,7.0,7.0,7.0,7,5
391,1,0,3.0,3.0,5.0,5.0,5.0,5.0,5.0,7,5
392,0,0,3.0,3.0,5.0,6.0,6.0,6.0,6.0,7,5
393,1,0,3.0,3.0,3.0,4.0,5.0,6.0,7.0,7,9
394,1,0,3.0,3.0,6.0,6.0,5.0,6.0,5.0,7,5
395,0,0,3.0,3.0,5.0,4.0,5.0,6.0,7.0,7,9
396,1,0,3.0,3.0,4.0,5.0,5.0,6.0,6.0,7,9
397,1,0,3.0,3.0,3.0,3.0,4.0,6.0,6.0,7,9
398,1,0,4.0,4.0,5.0,5.0,6.0,6.0,5.0,7,5
399,0,0,4.0,4.0,7.0,6.0,7.0,7.0,7.0,7,5
400,1,0,4.0,4.0,6.0,6.0,7.0,7.0,7.0,7,5
401,1,0,4.0,4.0,6.0,5.0,7.0,7.0,7.0,7,12
402,0,0,3.0,3.0,6.0,6.0,6.0,7.0,6.0,7,5
403,1,0,3.0,3.0,3.0,4.0,0.0,4.0,0.0,7,9
404,0,0,4.0,4.0,4.0,5.0,7.0,6.0,6.0,7,5
406,1,0,3.0,3.0,4.0,5.0,6.0,6.0,6.0,7,5
407,0,0,4.0,4.0,4.0,5.0,5.0,5.0,4.0,7,5
409,1,0,3.0,3.0,5.0,4.0,7.0,7.0,6.0,7,5
410,1,0,3.0,3.0,3.0,3.0,4.0,4.0,5.0,11,5
412,1,0,4.0,4.0,5.0,5.0,5.0,6.0,6.0,7,5
413,0,0,4.0,4.0,4.0,5.0,6.0,6.0,5.0,7,5
414,1,1,4.0,4.0,3.0,4.0,5.0,5.0,4.0,6,5
415,1,0,3.0,3.0,4.0,5.0,5.0,6.0,5.0,7,5
416,1,0,3.0,3.0,4.0,4.0,5.0,6.0,5.0,7,5
417,0,0,3.0,3.0,4.0,4.0,4.0,5.0,6.0,7,5
421,1,0,4.0,4.0,3.0,4.0,4.0,4.0,5.0,7,5
423,0,1,3.0,3.0,3.0,4.0,4.0,4.0,5.0,7,5
424,1,0,4.0,4.0,3.0,3.0,5.0,4.0,4.0,7,5
427,1,0,3.0,3.0,5.0,5.0,5.0,5.0,5.0,7,5
429,0,0,4.0,4.0,6.0,5.0,7.0,7.0,6.0,7,5
431,1,0,4.0,4.0,4.0,5.0,5.0,5.0,6.0,7,5
432,1,0,3.0,3.0,4.0,5.0,6.0,4.0,5.0,10,12
433,1,0,3.0,3.0,4.0,5.0,6.0,6.0,6.0,7,9
434,0,0,3.0,3.0,5.0,6.0,6.0,7.0,7.0,7,5
437,1,0,4.0,4.0,5.0,5.0,7.0,7.0,7.0,6,5
438,1,0,4.0,4.0,5.0,7.0,7.0,6.0,6.0,6,12
440,1,0,3.0,3.0,6.0,7.0,7.0,6.0,5.0,7,9
441,1,0,3.0,3.0,4.0,5.0,6.0,6.0,5.0,7,5
442,1,0,4.0,4.0,4.0,6.0,7.0,7.0,6.0,7,5
443,1,0,3.0,3.0,4.0,4.0,5.0,5.0,5.0,7,7
445,1,1,4.0,4.0,5.0,5.0,6.0,4.0,4.0,7,5
446,1,0,4.0,4.0,4.0,4.0,4.0,6.0,5.0,6,2
447,0,0,3.0,3.0,5.0,4.0,7.0,7.0,6.0,7,5
448,1,0,3.0,3.0,5.0,6.0,7.0,6.0,6.0,6,5
449,1,0,3.0,3.0,4.0,5.0,5.0,5.0,5.0,7,5
454,0,0,4.0,4.0,5.0,5.0,6.0,6.0,6.0,7,12
457,1,1,4.0,4.0,6.0,7.0,7.0,7.0,7.0,7,5
458,0,0,3.0,3.0,3.0,3.0,3.0,4.0,4.0,7,5
459,1,0,3.0,3.0,4.0,4.0,6.0,5.0,4.0,7,5
461,1,0,4.0,4.0,5.0,6.0,7.0,6.0,6.0,7,5
462,1,0,3.0,3.0,3.0,4.0,4.0,4.0,4.0,11,5
464,1,0,4.0,4.0,5.0,6.0,6.0,6.0,5.0,7,5
465,1,1,3.0,3.0,3.0,3.0,4.0,4.0,4.0,7,5
466,1,0,3.0,3.0,3.0,4.0,4.0,4.0,3.0,7,5
467,0,0,3.0,3.0,3.0,4.0,4.0,5.0,5.0,11,5
469,1,0,3.0,3.0,3.0,3.0,4.0,3.0,4.0,7,9
470,1,0,3.0,3.0,4.0,5.0,5.0,5.0,6.0,7,9
471,1,0,3.0,3.0,3.0,4.0,4.0,5.0,5.0,7,5
474,1,0,3.0,3.0,4.0,5.0,5.0,5.0,5.0,7,9
475,1,0,4.0,4.0,6.0,5.0,7.0,7.0,7.0,7,5
476,1,0,3.0,3.0,4.0,4.0,5.0,5.0,5.0,7,9
477,1,0,4.0,4.0,5.0,4.0,5.0,5.0,6.0,7,5
478,1,0,3.0,3.0,4.0,5.0,6.0,6.0,7.0,7,9
479,1,0,3.0,3.0,7.0,6.0,6.0,6.0,5.0,7,5
481,1,0,3.0,3.0,4.0,4.0,4.0,4.0,4.0,7,9
482,1,0,4.0,4.0,6.0,7.0,7.0,7.0,7.0,7,5
483,0,0,4.0,4.0,5.0,5.0,6.0,6.0,6.0,7,5
484,1,0,4.0,4.0,5.0,6.0,7.0,6.0,7.0,7,12
485,0,0,4.0,4.0,6.0,6.0,7.0,7.0,6.0,7,5
486,1,0,3.0,3.0,5.0,6.0,7.0,7.0,7.0,7,12
487,1,0,4.0,4.0,4.0,6.0,7.0,6.0,7.0,6,5
488,1,0,4.0,4.0,5.0,5.0,5.0,5.0,6.0,7,5
489,1,0,3.0,3.0,6.0,6.0,7.0,7.0,7.0,7,5
490,1,0,4.0,4.0,5.0,6.0,5.0,4.0,6.0,6,5
491,1,0,4.0,4.0,7.0,7.0,7.0,7.0,7.0,7,5
493,1,0,4.0,4.0,6.0,6.0,7.0,6.0,6.0,7,7
494,1,0,3.0,3.0,3.0,4.0,4.0,4.0,0.0,7,9
496,0,0,3.0,3.0,6.0,5.0,5.0,5.0,6.0,7,9
497,0,0,4.0,4.0,4.0,4.0,4.0,3.0,4.0,6,5
498,1,0,4.0,4.0,5.0,6.0,4.0,4.0,5.0,7,9
499,1,0,4.0,4.0,6.0,7.0,6.0,6.0,7.0,7,12
500,1,0,3.0,3.0,4.0,5.0,4.0,4.0,0.0,7,9
502,1,0,3.0,3.0,3.0,3.0,2.0,3.0,0.0,7,9
504,0,0,4.0,4.0,5.0,5.0,7.0,7.0,7.0,7,9
505,1,1,3.0,3.0,3.0,0.0,3.0,3.0,0.0,7,10
506,1,0,3.0,3.0,5.0,6.0,6.0,5.0,5.0,7,5
508,1,0,4.0,4.0,6.0,6.0,7.0,7.0,7.0,7,5
509,1,0,4.0,4.0,4.0,5.0,5.0,5.0,5.0,7,9
510,1,0,3.0,3.0,5.0,5.0,6.0,5.0,6.0,7,5
511,1,0,4.0,4.0,6.0,7.0,7.0,7.0,7.0,7,9
512,0,0,4.0,4.0,7.0,7.0,7.0,7.0,7.0,7,9
513,1,0,4.0,4.0,6.0,7.0,7.0,7.0,7.0,7,5
515,0,0,3.0,3.0,5.0,5.0,7.0,5.0,6.0,7,9
516,1,0,3.0,3.0,3.0,4.0,4.0,4.0,4.0,7,9
518,1,0,3.0,3.0,5.0,5.0,6.0,6.0,6.0,7,5
519,0,0,3.0,3.0,3.0,4.0,4.0,5.0,4.0,7,9
520,1,0,4.0,4.0,7.0,6.0,6.0,6.0,6.0,7,5
524,1,0,4.0,4.0,4.0,5.0,6.0,6.0,5.0,7,5
525,1,0,4.0,4.0,4.0,5.0,5.0,4.0,5.0,7,9
526,0,0,4.0,4.0,5.0,5.0,6.0,5.0,5.0,7,5
527,1,0,4.0,4.0,7.0,7.0,7.0,7.0,7.0,7,5
529,1,0,3.0,3.0,5.0,6.0,6.0,5.0,7.0,7,5
530,1,0,3.0,3.0,4.0,6.0,6.0,7.0,6.0,7,5
531,1,0,3.0,3.0,4.0,5.0,7.0,7.0,6.0,7,9
532,1,0,3.0,3.0,3.0,3.0,4.0,4.0,0.0,7,9
534,1,1,4.0,4.0,6.0,5.0,7.0,6.0,6.0,7,5
535,1,0,4.0,4.0,6.0,6.0,7.0,6.0,6.0,7,5
536,1,0,3.0,3.0,6.0,6.0,7.0,6.0,6.0,7,9
537,0,0,4.0,4.0,4.0,5.0,5.0,5.0,5.0,7,9
538,0,0,3.0,3.0,7.0,7.0,7.0,7.0,7.0,7,5
540,0,0,3.0,3.0,4.0,4.0,5.0,4.0,6.0,7,9
541,1,0,4.0,4.0,6.0,6.0,7.0,5.0,6.0,7,5
542,1,0,4.0,4.0,4.0,4.0,4.0,4.0,5.0,7,5
543,1,0,3.0,3.0,3.0,3.0,4.0,3.0,5.0,7,9
544,1,0,4.0,4.0,4.0,5.0,6.0,6.0,6.0,7,9
545,0,1,3.0,3.0,3.0,3.0,3.0,3.0,5.0,7,9
546,1,0,3.0,3.0,6.0,5.0,7.0,7.0,7.0,7,5
547,1,0,3.0,3.0,4.0,4.0,4.0,3.0,4.0,7,9
548,1,1,4.0,4.0,3.0,4.0,3.0,4.0,6.0,7,9
549,1,0,4.0,4.0,4.0,5.0,4.0,4.0,0.0,7,5
550,1,0,3.0,3.0,4.0,4.0,4.0,4.0,5.0,7,9
551,1,0,4.0,4.0,3.0,4.0,4.0,3.0,0.0,7,5
552,1,0,3.0,3.0,4.0,4.0,3.0,4.0,5.0,7,5
553,0,0,3.0,3.0,6.0,6.0,7.0,6.0,7.0,7,5
557,1,0,4.0,4.0,6.0,5.0,6.0,6.0,7.0,6,5
559,1,0,4.0,4.0,4.0,4.0,5.0,5.0,7.0,7,5
560,1,0,4.0,4.0,5.0,4.0,4.0,3.0,5.0,7,5
561,1,0,4.0,4.0,6.0,6.0,7.0,6.0,7.0,6,12
562,0,0,3.0,3.0,4.0,6.0,5.0,6.0,6.0,7,9
563,1,0,4.0,4.0,4.0,4.0,4.0,3.0,4.0,7,9
564,0,0,4.0,4.0,5.0,5.0,5.0,7.0,7.0,7,5
565,1,0,4.0,4.0,6.0,6.0,7.0,7.0,7.0,6,5
566,0,0,4.0,4.0,4.0,5.0,5.0,5.0,6.0,7,9
567,0,0,4.0,4.0,5.0,4.0,4.0,3.0,4.0,7,9
569,1,0,4.0,4.0,5.0,6.0,6.0,4.0,4.0,7,5
571,1,0,4.0,4.0,5.0,6.0,5.0,5.0,6.0,7,9
572,1,0,4.0,4.0,7.0,7.0,7.0,7.0,7.0,7,5
573,1,0,3.0,3.0,5.0,6.0,7.0,5.0,6.0,7,12
574,0,0,4.0,4.0,4.0,6.0,5.0,6.0,5.0,7,9
575,1,0,3.0,3.0,3.0,4.0,3.0,4.0,5.0,7,9
576,1,0,3.0,3.0,4.0,5.0,5.0,5.0,6.0,7,9
577,1,0,4.0,4.0,2.0,3.0,3.0,3.0,0.0,7,9
579,1,0,3.0,3.0,5.0,5.0,7.0,6.0,6.0,7,9
581,1,0,4.0,4.0,6.0,7.0,7.0,7.0,7.0,7,5
582,0,0,4.0,4.0,7.0,7.0,7.0,7.0,7.0,7,5
583,1,0,4.0,4.0,4.0,5.0,5.0,3.0,5.0,7,5
584,1,0,4.0,4.0,4.0,4.0,5.0,4.0,4.0,7,9
585,1,0,4.0,4.0,7.0,7.0,7.0,7.0,7.0,7,5
586,0,0,3.0,3.0,3.0,4.0,4.0,3.0,0.0,7,9
588,1,0,4.0,4.0,6.0,6.0,7.0,6.0,7.0,7,12
589,0,0,3.0,3.0,4.0,4.0,4.0,3.0,0.0,7,5
590,1,0,3.0,3.0,6.0,6.0,7.0,6.0,7.0,7,5
591,1,0,4.0,4.0,6.0,6.0,6.0,5.0,5.0,7,5
592,1,0,4.0,4.0,5.0,5.0,6.0,4.0,5.0,7,9
593,0,0,4.0,4.0,7.0,7.0,7.0,7.0,7.0,7,5
594,0,0,3.0,3.0,5.0,6.0,7.0,6.0,7.0,7,5
595,0,0,4.0,4.0,5.0,5.0,6.0,5.0,6.0,7,5
596,1,1,3.0,3.0,5.0,5.0,6.0,5.0,6.0,6,5
597,0,0,4.0,4.0,4.0,5.0,7.0,7.0,6.0,7,9
598,1,0,4.0,4.0,6.0,6.0,7.0,6.0,6.0,7,5
599,1,0,4.0,4.0,6.0,5.0,5.0,4.0,6.0,7,5
600,1,1,3.0,3.0,3.0,3.0,3.0,3.0,4.0,7,9
601,1,0,4.0,4.0,4.0,4.0,3.0,4.0,5.0,7,5
602,0,0,3.0,3.0,3.0,3.0,5.0,5.0,5.0,6,5
652,1,0,3.0,3.0,3.0,4.0,4.0,3.0,4.0,7,0
653,1,0,3.0,3.0,4.0,5.0,6.0,6.0,7.0,7,0
654,1,0,4.0,4.0,5.0,5.0,7.0,7.0,7.0,6,0
656,1,0,4.0,4.0,3.0,4.0,5.0,6.0,7.0,11,0
657,0,0,4.0,4.0,5.0,4.0,5.0,5.0,6.0,7,0
658,1,0,3.0,3.0,3.0,4.0,4.0,4.0,6.0,7,9
659,1,0,3.0,3.0,4.0,4.0,6.0,6.0,7.0,7,0
662,1,0,4.0,4.0,5.0,5.0,7.0,7.0,6.0,7,0
663,0,0,4.0,4.0,6.0,6.0,7.0,7.0,7.0,7,0
664,1,0,3.0,3.0,4.0,4.0,4.0,3.0,5.0,7,0
665,1,0,3.0,3.0,6.0,7.0,7.0,7.0,7.0,7,9
666,1,0,4.0,4.0,6.0,6.0,7.0,7.0,7.0,6,0
669,0,0,3.0,3.0,3.0,4.0,4.0,5.0,6.0,7,0
670,0,0,4.0,4.0,5.0,6.0,5.0,5.0,7.0,7,0
671,1,0,4.0,4.0,5.0,4.0,6.0,6.0,7.0,7,0
672,0,0,4.0,4.0,3.0,4.0,5.0,6.0,6.0,7,0
676,1,0,4.0,4.0,6.0,6.0,6.0,6.0,6.0,7,0
677,0,0,4.0,4.0,3.0,4.0,4.0,5.0,6.0,6,0
678,0,0,4.0,4.0,5.0,5.0,6.0,6.0,7.0,7,0
679,0,0,3.0,3.0,3.0,4.0,4.0,4.0,6.0,7,0
680,1,0,3.0,3.0,4.0,4.0,4.0,5.0,6.0,7,0
681,0,0,4.0,4.0,5.0,6.0,7.0,7.0,7.0,10,0
682,1,0,3.0,3.0,4.0,5.0,6.0,5.0,7.0,7,0
683,0,0,3.0,3.0,4.0,5.0,4.0,4.0,4.0,7,0
684,1,1,3.0,3.0,4.0,4.0,4.0,5.0,7.0,7,0
686,1,0,3.0,3.0,6.0,6.0,6.0,7.0,7.0,7,0
689,0,0,4.0,4.0,6.0,6.0,7.0,7.0,7.0,7,0
690,1,0,3.0,3.0,3.0,4.0,0.0,3.0,5.0,7,0
691,1,0,3.0,3.0,3.0,4.0,4.0,4.0,4.0,11,0
693,1,0,3.0,3.0,5.0,5.0,6.0,7.0,7.0,7,0
694,0,1,3.0,3.0,3.0,4.0,3.0,4.0,6.0,7,0
695,0,0,3.0,3.0,4.0,5.0,5.0,6.0,7.0,6,0
696,0,0,4.0,4.0,4.0,5.0,6.0,6.0,6.0,7,0
697,1,0,4.0,4.0,5.0,6.0,5.0,6.0,6.0,7,0
698,0,0,4.0,4.0,4.0,3.0,3.0,4.0,5.0,7,0
699,1,0,3.0,3.0,6.0,6.0,5.0,6.0,6.0,7,0
701,0,0,4.0,4.0,4.0,3.0,4.0,5.0,5.0,7,0
702,1,0,4.0,4.0,6.0,6.0,7.0,7.0,7.0,7,0
703,0,0,3.0,3.0,3.0,4.0,3.0,4.0,5.0,7,0
704,1,0,4.0,4.0,6.0,6.0,7.0,7.0,7.0,7,0
706,1,1,3.0,3.0,4.0,3.0,5.0,5.0,6.0,7,0
707,1,0,4.0,4.0,6.0,6.0,7.0,7.0,7.0,6,0
708,1,0,3.0,3.0,4.0,4.0,5.0,6.0,7.0,7,0
710,1,0,4.0,4.0,6.0,6.0,7.0,7.0,7.0,7,0
712,1,0,3.0,3.0,4.0,4.0,3.0,3.0,4.0,7,0
713,1,1,3.0,3.0,4.0,5.0,5.0,5.0,6.0,7,0
714,1,1,3.0,3.0,6.0,6.0,7.0,6.0,7.0,7,0
715,0,0,4.0,4.0,4.0,5.0,6.0,6.0,7.0,7,0
716,0,0,4.0,4.0,5.0,6.0,7.0,7.0,7.0,7,0
717,0,0,4.0,4.0,5.0,5.0,5.0,7.0,7.0,7,0
718,1,0,3.0,3.0,4.0,5.0,3.0,3.0,5.0,7,0
720,0,0,3.0,3.0,4.0,4.0,5.0,5.0,7.0,7,0
721,1,0,3.0,3.0,4.0,4.0,4.0,5.0,6.0,6,0
722,0,0,4.0,4.0,6.0,6.0,7.0,7.0,7.0,7,0
723,1,0,3.0,3.0,6.0,5.0,6.0,6.0,7.0,7,0
726,0,0,4.0,4.0,5.0,5.0,6.0,7.0,7.0,7,0
727,1,0,3.0,3.0,4.0,5.0,5.0,6.0,7.0,7,0
728,1,0,4.0,4.0,5.0,5.0,6.0,7.0,7.0,7,0
729,1,0,3.0,3.0,4.0,5.0,3.0,5.0,6.0,7,0
730,1,0,4.0,4.0,3.0,4.0,3.0,4.0,4.0,6,0
731,1,0,4.0,4.0,6.0,5.0,7.0,5.0,7.0,7,0
732,1,0,4.0,4.0,5.0,5.0,6.0,5.0,7.0,7,0
733,1,0,3.0,3.0,5.0,5.0,7.0,7.0,7.0,7,0
734,0,0,4.0,4.0,7.0,7.0,7.0,7.0,7.0,7,0
736,0,0,3.0,3.0,4.0,4.0,4.0,5.0,6.0,7,0
737,1,0,3.0,3.0,3.0,4.0,4.0,3.0,4.0,7,0
738,0,0,3.0,3.0,4.0,5.0,6.0,6.0,7.0,7,0
739,1,0,4.0,4.0,5.0,5.0,5.0,5.0,7.0,7,0
740,0,0,4.0,4.0,7.0,6.0,5.0,7.0,7.0,7,0
741,0,0,4.0,4.0,5.0,5.0,6.0,6.0,7.0,7,0
742,1,0,4.0,4.0,5.0,5.0,5.0,5.0,7.0,7,0
743,0,0,3.0,3.0,3.0,4.0,3.0,3.0,5.0,7,0
744,1,0,3.0,3.0,4.0,4.0,4.0,4.0,4.0,7,0
745,1,0,3.0,3.0,4.0,5.0,6.0,5.0,4.0,7,0
746,0,0,3.0,3.0,5.0,6.0,6.0,6.0,7.0,7,0
747,1,0,3.0,3.0,3.0,3.0,3.0,3.0,4.0,11,0
748,1,0,4.0,4.0,5.0,5.0,4.0,5.0,6.0,7,0
749,1,0,4.0,4.0,5.0,5.0,5.0,4.0,7.0,7,0
751,0,0,3.0,3.0,5.0,5.0,5.0,5.0,7.0,7,0
752,0,0,3.0,3.0,3.0,4.0,4.0,4.0,5.0,7,0
753,0,0,4.0,4.0,4.0,5.0,3.0,5.0,6.0,7,0
754,1,0,3.0,3.0,6.0,6.0,5.0,7.0,7.0,7,0
755,1,0,4.0,4.0,6.0,6.0,6.0,7.0,7.0,7,0
756,1,0,3.0,3.0,4.0,5.0,4.0,4.0,5.0,7,0
757,1,0,3.0,3.0,4.0,4.0,3.0,3.0,4.0,7,0
759,1,0,3.0,3.0,4.0,4.0,4.0,5.0,6.0,7,0
760,0,0,4.0,4.0,6.0,6.0,6.0,6.0,7.0,6,0
763,0,1,3.0,3.0,3.0,3.0,2.0,3.0,0.0,7,0
765,1,0,4.0,4.0,4.0,4.0,4.0,3.0,4.0,7,0
767,1,0,4.0,4.0,6.0,6.0,6.0,6.0,7.0,7,0
768,1,0,3.0,3.0,3.0,4.0,3.0,4.0,6.0,7,9
771,1,0,4.0,4.0,4.0,5.0,6.0,7.0,7.0,7,0
772,1,1,3.0,3.0,2.0,3.0,3.0,3.0,5.0,7,0
773,1,0,3.0,3.0,3.0,5.0,5.0,5.0,7.0,7,9
774,0,0,3.0,3.0,6.0,5.0,6.0,6.0,6.0,7,0
775,1,0,4.0,4.0,4.0,4.0,4.0,6.0,7.0,7,0
776,1,0,4.0,4.0,3.0,3.0,2.0,0.0,3.0,7,0
777,1,0,4.0,4.0,5.0,6.0,6.0,6.0,7.0,7,0
778,1,0,3.0,3.0,6.0,6.0,7.0,7.0,7.0,7,0
779,0,1,4.0,4.0,3.0,3.0,3.0,3.0,4.0,7,9
780,1,0,3.0,3.0,4.0,5.0,6.0,5.0,6.0,7,0
781,1,0,4.0,4.0,4.0,5.0,5.0,5.0,7.0,7,0
782,0,0,3.0,3.0,4.0,5.0,6.0,6.0,6.0,7,0
783,0,0,4.0,4.0,5.0,5.0,5.0,7.0,7.0,7,0
784,1,0,3.0,3.0,3.0,3.0,4.0,5.0,6.0,6,0
785,1,0,3.0,3.0,5.0,5.0,5.0,6.0,7.0,7,0
786,1,2,3.0,3.0,0.0,4.0,3.0,3.0,0.0,7,9
787,1,0,4.0,4.0,5.0,5.0,6.0,6.0,7.0,8,0
788,0,0,4.0,4.0,5.0,5.0,6.0,7.0,7.0,8,0
790,1,0,3.0,3.0,4.0,4.0,5.0,6.0,5.0,8,9
792,0,0,4.0,4.0,5.0,5.0,6.0,6.0,5.0,8,9
793,1,0,4.0,4.0,6.0,7.0,6.0,7.0,7.0,8,9
795,1,0,4.0,4.0,6.0,6.0,7.0,7.0,7.0,8,9
796,0,0,4.0,4.0,7.0,7.0,7.0,7.0,7.0,8,9
797,0,0,4.0,4.0,4.0,5.0,5.0,5.0,5.0,8,9
799,1,0,3.0,3.0,6.0,6.0,7.0,6.0,7.0,8,9
802,0,0,3.0,3.0,4.0,5.0,5.0,6.0,6.0,8,9
803,1,0,4.0,4.0,6.0,7.0,7.0,7.0,7.0,8,0
806,1,0,3.0,3.0,5.0,4.0,5.0,5.0,4.0,8,9
807,0,0,4.0,4.0,7.0,6.0,7.0,7.0,7.0,8,0
808,1,0,3.0,3.0,4.0,4.0,5.0,5.0,5.0,8,0
809,1,0,4.0,4.0,5.0,5.0,6.0,7.0,7.0,8,0
810,1,0,4.0,4.0,6.0,6.0,7.0,7.0,7.0,8,9
811,1,0,4.0,4.0,6.0,6.0,7.0,7.0,7.0,8,0
812,1,0,3.0,3.0,5.0,5.0,7.0,6.0,6.0,8,0
815,1,0,4.0,4.0,7.0,6.0,6.0,7.0,7.0,8,0
816,1,0,4.0,4.0,6.0,6.0,7.0,7.0,6.0,8,9
818,1,0,4.0,4.0,4.0,4.0,4.0,4.0,4.0,8,9
819,1,0,4.0,4.0,4.0,5.0,5.0,5.0,5.0,8,0
820,1,0,3.0,3.0,5.0,5.0,6.0,6.0,6.0,8,9
821,1,0,3.0,3.0,3.0,3.0,4.0,5.0,4.0,8,0
822,0,0,3.0,3.0,4.0,6.0,5.0,6.0,7.0,8,9
823,1,0,3.0,3.0,5.0,5.0,6.0,6.0,6.0,8,9
824,1,0,4.0,4.0,6.0,6.0,6.0,6.0,6.0,8,0
825,1,0,4.0,4.0,7.0,7.0,7.0,7.0,7.0,8,0
827,0,0,3.0,3.0,5.0,5.0,6.0,7.0,7.0,8,9
828,1,0,4.0,4.0,5.0,5.0,5.0,6.0,5.0,8,0
830,0,0,4.0,4.0,6.0,5.0,6.0,7.0,7.0,8,0
831,0,1,4.0,4.0,6.0,6.0,7.0,7.0,7.0,8,0
832,0,0,4.0,4.0,7.0,6.0,7.0,7.0,7.0,8,9
833,0,0,3.0,3.0,5.0,5.0,6.0,7.0,6.0,8,9
834,1,0,4.0,4.0,6.0,5.0,5.0,6.0,5.0,8,0
835,1,0,4.0,4.0,6.0,6.0,6.0,7.0,6.0,8,0
836,0,0,4.0,4.0,6.0,6.0,7.0,7.0,7.0,8,0
837,0,0,4.0,4.0,6.0,6.0,7.0,7.0,7.0,6,0
838,1,0,4.0,4.0,5.0,5.0,7.0,7.0,7.0,8,0
839,0,0,3.0,3.0,4.0,5.0,5.0,6.0,6.0,6,0
840,1,0,3.0,3.0,5.0,7.0,7.0,6.0,7.0,8,9
841,0,0,4.0,4.0,5.0,4.0,5.0,6.0,6.0,8,9
842,1,0,3.0,3.0,5.0,5.0,6.0,6.0,6.0,8,9
843,1,0,3.0,3.0,6.0,5.0,6.0,6.0,7.0,8,9
844,0,0,4.0,4.0,5.0,5.0,6.0,6.0,6.0,8,9
845,1,0,3.0,3.0,6.0,6.0,7.0,7.0,7.0,8,0
847,1,0,3.0,3.0,5.0,6.0,7.0,6.0,6.0,8,9
848,1,0,4.0,4.0,5.0,5.0,6.0,5.0,7.0,8,9
849,0,0,4.0,4.0,4.0,5.0,7.0,6.0,6.0,8,9
850,0,0,3.0,3.0,6.0,5.0,7.0,7.0,7.0,8,9
851,1,0,4.0,4.0,4.0,3.0,0.0,0.0,0.0,8,0
852,1,0,3.0,3.0,5.0,5.0,5.0,6.0,6.0,8,0
853,1,0,4.0,4.0,7.0,5.0,7.0,7.0,7.0,8,0
854,1,0,4.0,4.0,6.0,7.0,7.0,7.0,7.0,8,0
855,0,0,4.0,4.0,5.0,6.0,7.0,6.0,6.0,8,0
856,1,0,4.0,4.0,6.0,5.0,7.0,7.0,6.0,8,0
857,0,0,4.0,4.0,6.0,6.0,7.0,7.0,7.0,8,0
859,0,0,4.0,4.0,7.0,7.0,7.0,7.0,7.0,8,0
860,1,0,3.0,3.0,4.0,4.0,4.0,5.0,5.0,8,9
861,1,0,3.0,3.0,5.0,6.0,7.0,7.0,7.0,8,0
862,1,0,4.0,4.0,6.0,6.0,6.0,7.0,7.0,8,0
863,1,0,3.0,3.0,5.0,5.0,5.0,5.0,6.0,8,9
864,1,0,3.0,3.0,4.0,4.0,4.0,3.0,0.0,8,9
865,0,0,4.0,4.0,7.0,6.0,7.0,7.0,7.0,8,0
866,1,0,4.0,4.0,4.0,5.0,6.0,7.0,7.0,6,0
867,1,0,3.0,3.0,4.0,4.0,6.0,5.0,6.0,8,9
868,1,1,3.0,3.0,4.0,4.0,5.0,4.0,5.0,8,0
869,1,0,4.0,4.0,7.0,7.0,7.0,7.0,7.0,8,0
870,0,0,3.0,3.0,6.0,5.0,6.0,7.0,7.0,8,9
871,1,0,4.0,4.0,3.0,4.0,5.0,5.0,4.0,8,0
872,0,0,4.0,4.0,5.0,6.0,6.0,6.0,6.0,1,0
874,0,0,4.0,4.0,6.0,6.0,5.0,5.0,7.0,8,9
875,1,0,3.0,3.0,5.0,5.0,5.0,5.0,5.0,8,9
876,0,0,4.0,4.0,7.0,6.0,7.0,7.0,7.0,8,9
877,1,0,3.0,3.0,5.0,5.0,7.0,6.0,6.0,8,0
878,1,0,4.0,4.0,6.0,6.0,7.0,7.0,6.0,8,0
879,1,0,4.0,4.0,6.0,6.0,7.0,7.0,7.0,6,0
880,1,0,4.0,4.0,7.0,6.0,7.0,7.0,7.0,6,0
881,1,0,4.0,4.0,7.0,6.0,7.0,7.0,7.0,8,9
884,1,1,4.0,4.0,5.0,5.0,7.0,7.0,6.0,8,0
886,1,0,4.0,4.0,5.0,5.0,6.0,6.0,6.0,6,0
887,1,0,3.0,3.0,6.0,6.0,7.0,6.0,6.0,8,9
888,0,0,3.0,3.0,5.0,5.0,5.0,5.0,7.0,8,9
889,1,0,3.0,3.0,5.0,6.0,7.0,7.0,6.0,8,0
891,1,0,3.0,3.0,5.0,6.0,6.0,6.0,6.0,8,9
892,1,0,3.0,3.0,5.0,5.0,7.0,6.0,7.0,8,9
893,1,0,4.0,4.0,6.0,6.0,5.0,5.0,4.0,8,0
894,0,0,3.0,3.0,6.0,7.0,7.0,7.0,7.0,8,9
895,0,0,4.0,4.0,6.0,6.0,7.0,7.0,7.0,8,9
896,0,0,4.0,4.0,5.0,5.0,6.0,6.0,6.0,8,9
898,1,0,4.0,4.0,6.0,5.0,7.0,6.0,6.0,8,0
899,0,0,4.0,4.0,6.0,6.0,7.0,7.0,6.0,8,9
902,1,0,3.0,3.0,6.0,6.0,6.0,7.0,6.0,8,0
904,1,0,3.0,3.0,5.0,6.0,7.0,7.0,7.0,8,9
905,1,0,3.0,3.0,5.0,5.0,7.0,6.0,6.0,8,9
906,1,0,4.0,4.0,7.0,6.0,7.0,7.0,7.0,8,0
907,0,0,4.0,4.0,6.0,5.0,7.0,7.0,7.0,8,0
908,1,0,4.0,4.0,6.0,5.0,5.0,6.0,6.0,11,0
909,0,0,4.0,4.0,6.0,6.0,6.0,7.0,7.0,8,0
910,0,0,4.0,4.0,5.0,4.0,6.0,5.0,5.0,8,9
911,1,0,3.0,3.0,4.0,3.0,3.0,4.0,4.0,8,0
912,1,0,3.0,3.0,4.0,4.0,5.0,5.0,5.0,8,0
913,1,0,4.0,4.0,5.0,5.0,5.0,6.0,6.0,8,0
914,1,0,4.0,4.0,5.0,5.0,5.0,5.0,5.0,8,0
915,1,0,4.0,4.0,6.0,6.0,6.0,7.0,7.0,8,0
916,0,0,4.0,4.0,7.0,6.0,6.0,7.0,7.0,8,0
917,1,0,4.0,4.0,5.0,5.0,6.0,6.0,7.0,8,0
918,1,0,4.0,4.0,6.0,5.0,6.0,6.0,6.0,8,0
920,0,0,3.0,3.0,5.0,5.0,6.0,6.0,7.0,8,9
921,1,0,3.0,3.0,3.0,3.0,4.0,4.0,4.0,8,9
922,1,0,4.0,4.0,6.0,5.0,5.0,5.0,6.0,8,0
923,1,0,3.0,3.0,6.0,5.0,6.0,6.0,5.0,8,9
925,1,0,4.0,4.0,4.0,4.0,5.0,4.0,5.0,8,0
926,1,0,4.0,4.0,6.0,6.0,6.0,6.0,6.0,6,0
930,1,0,4.0,4.0,6.0,5.0,7.0,7.0,7.0,8,0
931,1,0,4.0,4.0,6.0,6.0,7.0,7.0,7.0,8,0
932,0,0,3.0,3.0,4.0,4.0,5.0,6.0,6.0,8,9
933,1,0,3.0,3.0,5.0,4.0,4.0,5.0,5.0,8,9
934,1,0,3.0,3.0,5.0,5.0,5.0,5.0,5.0,8,9
936,0,0,4.0,4.0,7.0,6.0,7.0,7.0,7.0,8,9
937,1,0,3.0,3.0,5.0,5.0,6.0,6.0,6.0,8,9
938,1,0,4.0,4.0,7.0,7.0,7.0,7.0,6.0,8,9
939,0,0,3.0,3.0,3.0,4.0,4.0,5.0,5.0,8,9
942,1,0,3.0,3.0,4.0,4.0,4.0,4.0,5.0,8,9
943,1,0,4.0,4.0,6.0,6.0,6.0,6.0,6.0,8,9
944,1,1,3.0,3.0,4.0,4.0,4.0,4.0,4.0,8,0
945,0,0,4.0,4.0,7.0,7.0,7.0,7.0,7.0,8,0
946,1,0,3.0,3.0,4.0,5.0,5.0,5.0,5.0,8,9
947,1,0,4.0,4.0,6.0,6.0,7.0,7.0,7.0,8,0
948,1,0,3.0,3.0,4.0,2.0,4.0,4.0,4.0,8,9
949,0,0,4.0,4.0,5.0,5.0,7.0,7.0,6.0,8,0
950,0,0,3.0,3.0,5.0,5.0,7.0,6.0,6.0,8,9
952,1,0,3.0,3.0,4.0,4.0,5.0,5.0,6.0,8,9
953,1,1,3.0,3.0,4.0,5.0,5.0,5.0,6.0,8,0
954,1,0,3.0,3.0,4.0,4.0,5.0,6.0,6.0,8,9
955,1,0,4.0,4.0,6.0,6.0,7.0,7.0,7.0,8,0
956,1,0,4.0,4.0,6.0,5.0,6.0,6.0,5.0,8,0
957,1,0,3.0,3.0,5.0,6.0,6.0,7.0,7.0,8,0
959,1,0,4.0,4.0,6.0,6.0,6.0,5.0,6.0,8,0
960,1,0,3.0,3.0,5.0,4.0,5.0,4.0,5.0,8,9
961,0,0,4.0,4.0,5.0,4.0,5.0,6.0,6.0,8,0
962,0,0,4.0,4.0,7.0,7.0,7.0,7.0,7.0,8,0
963,1,0,3.0,3.0,3.0,2.0,3.0,3.0,4.0,8,9
964,1,0,3.0,3.0,3.0,5.0,4.0,4.0,3.0,8,9
965,0,0,3.0,3.0,5.0,6.0,7.0,6.0,6.0,8,9
966,1,0,4.0,4.0,5.0,6.0,6.0,7.0,7.0,8,0
968,1,0,3.0,3.0,4.0,4.0,4.0,3.0,4.0,8,0
969,1,0,3.0,3.0,3.0,3.0,3.0,4.0,3.0,8,9
970,1,0,3.0,3.0,3.0,3.0,4.0,4.0,4.0,3,0
975,1,0,3.0,3.0,5.0,4.0,5.0,6.0,6.0,8,9
977,1,0,3.0,3.0,4.0,5.0,4.0,5.0,5.0,8,9
979,0,0,4.0,4.0,7.0,7.0,7.0,7.0,7.0,8,0
980,1,0,4.0,4.0,7.0,5.0,7.0,7.0,5.0,8,0
981,0,0,3.0,3.0,4.0,5.0,5.0,5.0,5.0,8,9
982,0,0,4.0,4.0,5.0,5.0,5.0,6.0,6.0,6,0
983,1,1,4.0,4.0,6.0,5.0,7.0,7.0,6.0,8,0
985,0,0,4.0,4.0,6.0,6.0,7.0,7.0,7.0,8,0
986,0,0,4.0,4.0,6.0,5.0,6.0,7.0,6.0,8,0
987,1,0,4.0,4.0,5.0,6.0,5.0,7.0,5.0,8,0
988,1,0,3.0,3.0,4.0,4.0,4.0,5.0,5.0,8,0
990,1,0,3.0,3.0,4.0,3.0,4.0,4.0,3.0,8,9
991,1,0,3.0,3.0,5.0,4.0,7.0,5.0,6.0,8,0
992,0,1,4.0,4.0,5.0,5.0,5.0,6.0,7.0,8,0
997,1,1,4.0,4.0,4.0,5.0,5.0,5.0,5.0,8,0
999,1,0,4.0,4.0,5.0,4.0,4.0,5.0,5.0,6,0
1000,0,0,3.0,3.0,4.0,5.0,6.0,6.0,6.0,8,9
1001,1,0,4.0,4.0,4.0,3.0,4.0,4.0,5.0,8,0
1002,0,0,3.0,3.0,5.0,6.0,6.0,7.0,7.0,8,9
1003,1,0,3.0,3.0,3.0,4.0,4.0,3.0,4.0,8,9
1005,0,0,3.0,3.0,4.0,4.0,4.0,3.0,4.0,8,9
1006,1,0,3.0,3.0,5.0,5.0,5.0,5.0,6.0,8,0
1007,1,0,4.0,4.0,3.0,5.0,4.0,6.0,5.0,8,9
1008,0,1,3.0,3.0,4.0,3.0,3.0,4.0,4.0,8,9
1010,0,0,4.0,4.0,4.0,4.0,4.0,6.0,5.0,7,0
1011,1,0,3.0,3.0,4.0,5.0,6.0,6.0,5.0,7,0
1013,1,0,3.0,3.0,4.0,6.0,7.0,7.0,6.0,7,9
1014,1,0,3.0,3.0,5.0,5.0,6.0,5.0,5.0,7,0
1015,1,0,3.0,3.0,4.0,5.0,7.0,7.0,7.0,7,0
1016,1,0,3.0,3.0,5.0,5.0,7.0,7.0,7.0,7,0
1017,0,0,4.0,4.0,5.0,5.0,7.0,6.0,6.0,7,0
1018,0,0,4.0,4.0,5.0,5.0,6.0,7.0,6.0,7,0
1019,1,0,3.0,3.0,4.0,4.0,5.0,5.0,4.0,7,0
1020,1,0,4.0,4.0,4.0,4.0,5.0,4.0,3.0,7,0
1022,0,0,4.0,4.0,6.0,6.0,7.0,7.0,7.0,7,0
1023,1,0,3.0,3.0,3.0,4.0,3.0,3.0,0.0,11,0
1024,1,1,4.0,4.0,4.0,4.0,5.0,5.0,4.0,11,0
1025,1,0,3.0,3.0,6.0,5.0,6.0,5.0,5.0,7,0
1026,1,0,3.0,3.0,4.0,4.0,5.0,6.0,6.0,4,0
1027,1,0,4.0,4.0,3.0,4.0,3.0,3.0,4.0,10,0
1028,0,0,3.0,3.0,5.0,5.0,6.0,6.0,6.0,7,0
1034,0,0,3.0,3.0,3.0,3.0,4.0,4.0,4.0,7,0
1037,1,0,4.0,4.0,5.0,4.0,5.0,5.0,4.0,7,0
1038,1,0,3.0,3.0,4.0,5.0,6.0,5.0,5.0,7,0
1039,1,1,3.0,3.0,4.0,3.0,4.0,5.0,3.0,7,0
1040,1,0,4.0,4.0,6.0,6.0,7.0,7.0,7.0,7,0
1041,1,0,3.0,3.0,5.0,5.0,6.0,6.0,5.0,7,0
1042,1,1,3.0,3.0,4.0,4.0,5.0,5.0,5.0,7,0
1043,1,0,4.0,4.0,4.0,5.0,6.0,7.0,7.0,7,0
1047,1,0,3.0,3.0,3.0,3.0,3.0,4.0,4.0,7,9
1048,0,0,4.0,4.0,4.0,4.0,7.0,7.0,5.0,7,0
1049,1,0,3.0,3.0,4.0,4.0,7.0,6.0,5.0,7,0
1050,1,0,4.0,4.0,7.0,6.0,7.0,7.0,7.0,5,0
1051,1,0,4.0,4.0,5.0,6.0,7.0,7.0,7.0,7,0
1052,1,0,3.0,3.0,4.0,5.0,6.0,6.0,5.0,7,0
1053,1,0,3.0,3.0,4.0,4.0,6.0,5.0,4.0,7,0
1054,0,0,4.0,4.0,4.0,4.0,5.0,5.0,6.0,6,0
1055,0,0,4.0,4.0,5.0,6.0,7.0,6.0,7.0,7,0
1056,1,0,4.0,4.0,4.0,4.0,5.0,6.0,6.0,7,0
1057,1,0,4.0,4.0,5.0,5.0,6.0,5.0,5.0,7,0
1058,1,0,3.0,3.0,5.0,4.0,6.0,6.0,4.0,7,0
1061,1,0,3.0,3.0,4.0,5.0,6.0,6.0,5.0,7,0
1062,1,0,3.0,3.0,4.0,5.0,4.0,5.0,5.0,7,0
1064,0,0,4.0,4.0,6.0,6.0,7.0,7.0,7.0,7,0
1068,1,0,4.0,4.0,6.0,6.0,6.0,6.0,6.0,10,0
1069,0,0,3.0,3.0,5.0,5.0,5.0,5.0,5.0,7,0
1070,0,0,3.0,3.0,6.0,6.0,7.0,7.0,7.0,7,0
1071,0,0,3.0,3.0,4.0,3.0,5.0,4.0,4.0,7,0
1072,1,0,3.0,3.0,4.0,4.0,5.0,5.0,5.0,7,0
1073,1,0,4.0,4.0,3.0,3.0,4.0,3.0,0.0,6,0
1074,0,0,4.0,4.0,4.0,3.0,5.0,5.0,6.0,7,9
1076,0,0,4.0,4.0,7.0,5.0,6.0,6.0,7.0,7,0
1077,1,0,4.0,4.0,6.0,7.0,5.0,7.0,7.0,7,0
1078,1,0,4.0,4.0,6.0,6.0,7.0,7.0,7.0,7,0
1079,1,0,3.0,3.0,5.0,3.0,5.0,5.0,5.0,7,9
1080,1,0,3.0,3.0,4.0,5.0,5.0,3.0,3.0,7,0
1081,0,0,4.0,4.0,4.0,4.0,6.0,5.0,5.0,7,0
1082,1,0,4.0,4.0,4.0,5.0,5.0,6.0,6.0,7,0
1083,0,0,3.0,3.0,3.0,3.0,4.0,4.0,5.0,7,9
1084,0,0,4.0,4.0,6.0,5.0,6.0,7.0,6.0,6,0
1086,0,0,4.0,4.0,7.0,6.0,7.0,7.0,7.0,6,0
1088,0,0,3.0,3.0,4.0,5.0,6.0,5.0,7.0,7,9
1090,0,0,3.0,3.0,4.0,5.0,6.0,5.0,6.0,7,9
1091,0,0,4.0,4.0,3.0,4.0,4.0,4.0,4.0,6,0
1095,1,0,4.0,4.0,4.0,4.0,5.0,5.0,6.0,7,0
1098,0,0,4.0,4.0,7.0,7.0,7.0,7.0,7.0,7,0
1099,1,0,3.0,3.0,4.0,5.0,6.0,6.0,5.0,7,0
1100,0,0,3.0,3.0,3.0,3.0,3.0,3.0,0.0,7,9
1102,1,0,4.0,4.0,4.0,5.0,5.0,6.0,6.0,7,0
1105,1,0,3.0,3.0,5.0,5.0,6.0,6.0,7.0,7,9
1109,1,0,3.0,3.0,4.0,4.0,5.0,4.0,5.0,7,0
1112,1,0,4.0,4.0,4.0,6.0,7.0,7.0,7.0,7,0
1113,1,0,3.0,3.0,5.0,4.0,6.0,7.0,7.0,7,0
1114,0,0,4.0,4.0,4.0,3.0,5.0,5.0,5.0,7,9
1115,1,0,3.0,3.0,4.0,5.0,4.0,5.0,5.0,7,9
1116,1,0,3.0,3.0,5.0,4.0,5.0,7.0,7.0,7,0
1118,0,0,4.0,4.0,7.0,6.0,7.0,7.0,7.0,7,0
1119,1,0,4.0,4.0,7.0,5.0,6.0,7.0,7.0,7,0
1120,1,0,4.0,4.0,7.0,7.0,7.0,7.0,7.0,7,0
1121,1,0,4.0,4.0,7.0,7.0,7.0,7.0,7.0,7,0
1122,1,0,4.0,4.0,6.0,5.0,6.0,6.0,6.0,7,0
1123,1,0,4.0,4.0,5.0,5.0,6.0,7.0,6.0,7,0
1124,0,0,4.0,4.0,5.0,6.0,7.0,7.0,7.0,7,0
1125,1,0,4.0,4.0,4.0,4.0,5.0,5.0,5.0,7,0
1126,1,0,4.0,4.0,5.0,5.0,7.0,7.0,7.0,7,0
1127,0,0,4.0,4.0,6.0,4.0,7.0,7.0,6.0,7,0
1128,0,0,3.0,3.0,4.0,5.0,5.0,6.0,6.0,7,0
1130,1,1,3.0,3.0,3.0,3.0,2.0,3.0,0.0,6,0
1132,0,0,4.0,4.0,5.0,5.0,6.0,7.0,7.0,6,0
1133,1,0,4.0,4.0,5.0,6.0,6.0,7.0,7.0,7,0
1134,1,0,3.0,3.0,4.0,5.0,6.0,6.0,6.0,7,0
1135,1,0,4.0,4.0,3.0,4.0,4.0,5.0,5.0,7,0
1136,0,0,3.0,3.0,4.0,5.0,5.0,5.0,6.0,7,0
1139,1,0,3.0,3.0,5.0,4.0,5.0,6.0,6.0,7,0
1141,1,0,4.0,4.0,6.0,5.0,7.0,7.0,7.0,7,0
1142,0,0,3.0,3.0,4.0,4.0,5.0,5.0,6.0,7,9
1145,0,0,3.0,3.0,5.0,3.0,4.0,6.0,6.0,7,0
1146,1,0,4.0,4.0,4.0,4.0,5.0,5.0,6.0,7,0
1147,1,0,4.0,4.0,6.0,5.0,7.0,7.0,7.0,7,0
1148,0,0,4.0,4.0,5.0,6.0,5.0,5.0,5.0,7,0
1153,0,0,4.0,4.0,5.0,5.0,6.0,6.0,7.0,7,0
1154,1,0,4.0,4.0,4.0,5.0,6.0,5.0,6.0,7,9
1157,0,0,4.0,4.0,7.0,6.0,7.0,7.0,7.0,7,0
1158,1,0,3.0,3.0,3.0,3.0,5.0,5.0,6.0,7,9
1159,1,0,4.0,4.0,6.0,5.0,6.0,7.0,7.0,7,0
1161,0,0,3.0,3.0,3.0,4.0,3.0,3.0,0.0,7,9
1162,0,0,4.0,4.0,5.0,4.0,5.0,6.0,6.0,6,0
1163,1,0,4.0,4.0,4.0,4.0,3.0,3.0,4.0,7,9
1164,1,0,4.0,4.0,7.0,6.0,6.0,6.0,5.0,7,0
1166,1,0,3.0,3.0,3.0,3.0,3.0,4.0,5.0,7,0
1168,0,0,4.0,4.0,7.0,6.0,7.0,7.0,6.0,7,0
1171,0,0,4.0,4.0,5.0,4.0,5.0,4.0,5.0,6,0
1173,0,0,3.0,3.0,5.0,4.0,7.0,7.0,6.0,7,9
1175,1,0,3.0,3.0,5.0,5.0,6.0,7.0,7.0,7,0
1176,1,0,3.0,3.0,3.0,4.0,5.0,4.0,4.0,7,9
1177,1,0,4.0,4.0,5.0,5.0,5.0,7.0,7.0,7,0
1178,0,0,4.0,4.0,6.0,6.0,7.0,7.0,7.0,7,0
1179,1,0,3.0,3.0,4.0,5.0,5.0,4.0,5.0,7,9
1182,1,0,4.0,4.0,5.0,5.0,6.0,7.0,7.0,7,0
1185,1,0,3.0,3.0,4.0,5.0,5.0,6.0,7.0,7,0
1186,1,0,3.0,3.0,2.0,3.0,3.0,3.0,4.0,7,9
1187,1,0,3.0,3.0,6.0,6.0,6.0,6.0,4.0,7,0
1189,1,0,4.0,4.0,4.0,5.0,4.0,5.0,4.0,7,9
1190,1,0,4.0,4.0,4.0,5.0,5.0,7.0,6.0,7,0
1191,1,0,3.0,3.0,5.0,5.0,5.0,5.0,6.0,7,0
1192,0,0,4.0,4.0,4.0,5.0,5.0,5.0,6.0,7,0
1193,1,0,3.0,3.0,4.0,4.0,3.0,4.0,6.0,7,0
1194,0,0,4.0,4.0,6.0,5.0,7.0,7.0,7.0,7,0
1196,0,0,4.0,4.0,5.0,6.0,6.0,7.0,7.0,7,0
1197,1,0,3.0,3.0,4.0,5.0,5.0,6.0,7.0,7,0
1198,1,0,3.0,3.0,7.0,6.0,6.0,7.0,7.0,6,0
1199,1,0,3.0,3.0,4.0,4.0,5.0,5.0,6.0,7,0
1200,1,0,4.0,4.0,4.0,5.0,5.0,5.0,6.0,7,0
1202,0,0,4.0,4.0,5.0,6.0,7.0,7.0,7.0,7,0
1203,1,0,3.0,3.0,5.0,5.0,6.0,7.0,7.0,7,9
1204,0,0,3.0,3.0,4.0,5.0,5.0,6.0,6.0,7,9
1205,1,0,4.0,4.0,7.0,7.0,7.0,7.0,7.0,7,0
1206,0,0,4.0,4.0,5.0,6.0,6.0,7.0,7.0,7,0
1207,0,0,4.0,4.0,4.0,5.0,6.0,5.0,6.0,7,0
1208,1,0,4.0,4.0,6.0,5.0,5.0,6.0,6.0,7,8
1209,0,0,3.0,3.0,6.0,5.0,6.0,7.0,7.0,7,0
1210,0,0,4.0,4.0,6.0,5.0,6.0,7.0,7.0,7,0
1212,0,0,3.0,3.0,7.0,6.0,6.0,7.0,7.0,7,0
1216,0,0,4.0,4.0,6.0,7.0,7.0,7.0,7.0,6,0
1217,1,0,3.0,3.0,5.0,5.0,6.0,6.0,6.0,6,0
1218,1,0,4.0,4.0,5.0,4.0,5.0,5.0,5.0,7,0
1219,1,0,4.0,4.0,6.0,5.0,7.0,7.0,7.0,7,0
1223,0,0,3.0,3.0,4.0,5.0,5.0,6.0,7.0,7,9
1224,1,0,3.0,3.0,5.0,4.0,5.0,6.0,6.0,7,9
1225,1,0,4.0,4.0,6.0,6.0,7.0,7.0,7.0,7,0
1226,1,0,4.0,4.0,5.0,6.0,6.0,7.0,7.0,6,0
1227,0,0,3.0,3.0,5.0,6.0,7.0,6.0,6.0,7,9
1229,1,2,3.0,3.0,3.0,3.0,3.0,3.0,2.0,7,9
1230,1,1,3.0,3.0,3.0,3.0,3.0,3.0,2.0,7,9
1231,1,1,3.0,3.0,3.0,4.0,2.0,3.0,3.0,7,13
1294,0,0,4.0,4.0,6.0,5.0,6.0,7.0,7.0,7,9
1295,0,0,4.0,4.0,3.0,4.0,5.0,5.0,5.0,7,9
1296,1,0,3.0,3.0,6.0,5.0,7.0,7.0,6.0,7,0
1298,1,1,3.0,3.0,3.0,3.0,4.0,5.0,6.0,7,9
1299,1,0,3.0,3.0,6.0,6.0,6.0,6.0,6.0,7,0
1300,1,0,3.0,3.0,4.0,5.0,5.0,6.0,6.0,7,0
1301,0,0,4.0,4.0,5.0,5.0,5.0,6.0,6.0,7,9
1302,1,0,3.0,3.0,4.0,5.0,5.0,6.0,5.0,7,0
1303,0,0,4.0,4.0,5.0,4.0,5.0,6.0,6.0,7,0
1304,0,0,3.0,3.0,4.0,5.0,5.0,7.0,7.0,7,9
1305,0,0,3.0,3.0,5.0,6.0,7.0,7.0,7.0,7,9
1306,1,0,3.0,3.0,3.0,3.0,4.0,6.0,4.0,7,9
1307,1,0,3.0,3.0,4.0,4.0,5.0,6.0,6.0,7,9
1308,0,0,4.0,4.0,4.0,4.0,6.0,6.0,7.0,7,0
1309,1,0,4.0,4.0,6.0,6.0,7.0,7.0,7.0,7,6
1310,0,0,4.0,4.0,6.0,4.0,5.0,7.0,7.0,6,0
1311,1,0,4.0,4.0,7.0,7.0,7.0,7.0,7.0,7,0
1312,0,0,4.0,4.0,7.0,6.0,7.0,7.0,7.0,7,9
1313,1,0,3.0,3.0,6.0,5.0,6.0,7.0,7.0,7,9
1314,1,0,3.0,3.0,4.0,4.0,4.0,4.0,4.0,7,9
1315,0,0,4.0,4.0,5.0,4.0,5.0,7.0,7.0,7,0
1316,1,0,3.0,3.0,3.0,4.0,4.0,5.0,4.0,7,9
1317,1,0,4.0,4.0,6.0,5.0,6.0,7.0,6.0,7,0
1318,0,0,4.0,4.0,4.0,5.0,6.0,7.0,6.0,7,9
1320,0,0,3.0,3.0,4.0,4.0,5.0,6.0,6.0,7,9
1321,1,0,4.0,4.0,6.0,6.0,7.0,7.0,7.0,7,0
1323,1,0,4.0,4.0,6.0,7.0,7.0,7.0,6.0,7,0
1324,1,0,3.0,3.0,3.0,4.0,4.0,5.0,4.0,7,9
1325,1,0,3.0,3.0,4.0,3.0,3.0,5.0,5.0,7,9
1327,0,0,3.0,3.0,3.0,3.0,5.0,6.0,6.0,7,9
1328,1,0,3.0,3.0,5.0,4.0,4.0,7.0,6.0,7,9
1329,1,0,4.0,4.0,6.0,6.0,6.0,7.0,7.0,7,0
1330,1,0,4.0,4.0,6.0,5.0,7.0,7.0,7.0,7,0
1331,1,0,3.0,3.0,4.0,4.0,4.0,6.0,5.0,7,0
1332,1,1,3.0,3.0,4.0,6.0,5.0,6.0,6.0,7,0
1333,0,0,4.0,4.0,6.0,6.0,7.0,7.0,7.0,7,0
1334,1,0,4.0,4.0,5.0,5.0,6.0,7.0,7.0,7,0
1335,0,0,3.0,3.0,5.0,5.0,6.0,7.0,7.0,7,9
1336,0,0,4.0,4.0,5.0,5.0,5.0,7.0,7.0,7,0
1338,1,0,3.0,3.0,7.0,6.0,6.0,7.0,7.0,7,9
1339,1,1,3.0,3.0,3.0,4.0,4.0,4.0,5.0,7,9
1340,0,0,3.0,3.0,4.0,4.0,5.0,7.0,7.0,7,9
1342,1,0,4.0,4.0,4.0,4.0,4.0,6.0,6.0,12,9
1343,1,0,3.0,3.0,4.0,4.0,3.0,6.0,5.0,7,9
1344,0,0,4.0,4.0,4.0,4.0,4.0,6.0,5.0,7,0
1345,1,0,4.0,4.0,5.0,5.0,6.0,7.0,7.0,6,0
1346,1,0,4.0,4.0,6.0,6.0,7.0,7.0,7.0,7,0
1348,1,0,4.0,4.0,7.0,7.0,6.0,7.0,7.0,7,0
1350,1,0,4.0,4.0,5.0,6.0,5.0,7.0,7.0,7,0
1352,0,0,3.0,3.0,5.0,5.0,5.0,7.0,7.0,7,0
1353,1,0,4.0,4.0,6.0,5.0,6.0,7.0,6.0,7,0
1354,1,0,3.0,3.0,3.0,4.0,4.0,6.0,6.0,7,9
1356,0,0,3.0,3.0,4.0,5.0,5.0,7.0,7.0,7,9
1357,1,1,3.0,3.0,5.0,5.0,5.0,6.0,5.0,7,0
1358,1,0,4.0,4.0,4.0,4.0,4.0,5.0,5.0,6,0
1359,0,0,4.0,4.0,6.0,6.0,7.0,7.0,7.0,7,0
1360,0,0,4.0,4.0,7.0,7.0,7.0,7.0,7.0,7,0
1362,1,0,4.0,4.0,6.0,6.0,7.0,7.0,7.0,7,0
1363,1,0,3.0,3.0,3.0,3.0,2.0,4.0,0.0,7,9
1365,0,0,4.0,4.0,6.0,5.0,6.0,7.0,7.0,7,9
1366,1,0,4.0,4.0,3.0,4.0,4.0,6.0,6.0,7,0
1367,1,0,3.0,3.0,3.0,4.0,4.0,5.0,5.0,7,9
1371,0,0,4.0,4.0,6.0,7.0,7.0,7.0,7.0,2,5
1372,1,0,3.0,3.0,4.0,6.0,5.0,6.0,5.0,0,5
1373,1,0,4.0,4.0,5.0,6.0,5.0,5.0,5.0,2,5
1375,1,0,4.0,4.0,6.0,7.0,6.0,6.0,5.0,2,5
1376,0,0,3.0,3.0,4.0,5.0,4.0,7.0,5.0,2,5
1378,0,0,4.0,4.0,7.0,6.0,6.0,7.0,7.0,0,5
1381,1,0,3.0,3.0,6.0,6.0,7.0,7.0,6.0,2,5
1382,1,0,4.0,4.0,5.0,5.0,4.0,5.0,6.0,0,5
1383,0,0,4.0,4.0,3.0,3.0,3.0,3.0,6.0,0,5
1384,0,0,4.0,4.0,6.0,7.0,6.0,7.0,7.0,0,5
1385,0,0,4.0,4.0,7.0,7.0,6.0,5.0,6.0,0,5
1386,1,0,3.0,3.0,4.0,5.0,5.0,5.0,5.0,2,5
1387,1,0,4.0,4.0,6.0,7.0,7.0,7.0,7.0,0,5
1388,1,0,4.0,4.0,7.0,7.0,7.0,7.0,7.0,0,5
1389,1,0,3.0,3.0,4.0,5.0,3.0,5.0,5.0,2,5
1390,0,0,4.0,4.0,7.0,7.0,7.0,7.0,6.0,0,5
1392,1,0,4.0,4.0,5.0,6.0,7.0,7.0,6.0,0,5
1393,0,0,4.0,4.0,6.0,7.0,7.0,7.0,7.0,0,5
1394,1,0,3.0,3.0,4.0,4.0,3.0,4.0,5.0,2,5
1395,0,0,4.0,4.0,6.0,7.0,6.0,7.0,6.0,0,5
1396,0,0,4.0,4.0,7.0,6.0,6.0,7.0,6.0,2,5
1397,1,0,4.0,4.0,7.0,6.0,6.0,5.0,5.0,2,5
1398,0,0,4.0,4.0,5.0,7.0,6.0,6.0,6.0,0,5
1399,0,0,4.0,4.0,6.0,6.0,7.0,7.0,7.0,0,5
1401,1,0,3.0,3.0,5.0,5.0,5.0,6.0,5.0,2,5
1402,1,0,3.0,3.0,3.0,4.0,4.0,4.0,4.0,2,5
1403,0,0,4.0,4.0,6.0,6.0,5.0,6.0,5.0,2,5
1404,0,0,3.0,3.0,3.0,4.0,4.0,5.0,6.0,2,5
1405,1,0,4.0,4.0,5.0,6.0,6.0,6.0,7.0,0,5
1407,0,0,3.0,3.0,5.0,6.0,6.0,7.0,6.0,2,5
1408,1,0,3.0,3.0,4.0,3.0,3.0,4.0,3.0,0,5
1410,0,0,4.0,4.0,6.0,7.0,7.0,7.0,6.0,0,5
1411,0,0,4.0,4.0,7.0,7.0,7.0,7.0,7.0,0,5
1412,1,0,4.0,4.0,5.0,6.0,5.0,6.0,5.0,2,5
1413,1,0,3.0,3.0,5.0,6.0,5.0,6.0,6.0,2,5
1414,1,0,3.0,3.0,3.0,5.0,4.0,5.0,5.0,2,5
1416,1,0,3.0,3.0,6.0,6.0,7.0,6.0,6.0,2,5
1417,0,0,3.0,3.0,3.0,5.0,4.0,6.0,6.0,0,5
1418,1,0,3.0,3.0,3.0,5.0,4.0,5.0,4.0,0,5
1419,0,0,3.0,3.0,3.0,3.0,3.0,3.0,4.0,0,5
1420,0,0,4.0,4.0,6.0,7.0,7.0,7.0,6.0,2,5
1421,0,0,4.0,4.0,6.0,7.0,7.0,7.0,5.0,2,5
1422,1,0,4.0,4.0,6.0,5.0,6.0,6.0,5.0,0,5
1423,1,0,4.0,4.0,5.0,6.0,6.0,6.0,5.0,2,5
1424,1,0,4.0,4.0,6.0,7.0,6.0,6.0,6.0,0,5
1425,0,0,4.0,4.0,7.0,6.0,5.0,5.0,5.0,0,5
1426,1,0,4.0,4.0,5.0,6.0,5.0,7.0,6.0,0,5
1427,1,0,3.0,3.0,4.0,4.0,5.0,5.0,5.0,2,5
1428,1,0,4.0,4.0,4.0,4.0,5.0,5.0,6.0,0,5
1429,1,0,4.0,4.0,6.0,6.0,5.0,6.0,5.0,0,5
1430,0,0,4.0,4.0,6.0,7.0,6.0,6.0,6.0,0,5
1432,1,0,4.0,4.0,5.0,5.0,5.0,5.0,5.0,0,5
1433,0,0,4.0,4.0,6.0,6.0,6.0,7.0,7.0,0,5
1434,1,0,4.0,4.0,5.0,5.0,5.0,6.0,6.0,2,5
1435,1,0,4.0,4.0,7.0,7.0,6.0,6.0,6.0,0,5
1436,1,0,4.0,4.0,4.0,6.0,6.0,5.0,6.0,0,5
1437,1,0,4.0,4.0,6.0,7.0,5.0,6.0,6.0,0,5
1438,0,0,4.0,4.0,7.0,7.0,7.0,7.0,6.0,0,5
1439,1,0,4.0,4.0,6.0,7.0,6.0,7.0,7.0,0,5
1440,1,0,3.0,3.0,5.0,5.0,5.0,5.0,5.0,2,5
1441,1,0,4.0,4.0,6.0,6.0,6.0,6.0,5.0,0,5
1442,1,0,4.0,4.0,3.0,3.0,3.0,3.0,4.0,0,5
1443,0,0,4.0,4.0,3.0,5.0,5.0,5.0,5.0,0,5
1444,0,0,4.0,4.0,5.0,5.0,5.0,5.0,5.0,2,5
1445,1,0,3.0,3.0,3.0,4.0,3.0,3.0,5.0,0,5
1446,0,0,3.0,3.0,4.0,4.0,4.0,5.0,5.0,0,5
1447,1,0,4.0,4.0,5.0,5.0,5.0,5.0,4.0,2,5
1448,1,0,4.0,4.0,4.0,6.0,4.0,5.0,5.0,0,5
1449,1,0,3.0,3.0,3.0,3.0,3.0,3.0,4.0,0,5
1451,0,0,4.0,4.0,6.0,6.0,6.0,7.0,7.0,0,5
1452,0,0,4.0,4.0,3.0,4.0,4.0,5.0,5.0,2,5
1453,1,0,4.0,4.0,6.0,6.0,6.0,5.0,5.0,0,5
1454,1,0,4.0,4.0,4.0,4.0,5.0,6.0,5.0,2,5
1455,0,0,4.0,4.0,5.0,6.0,7.0,7.0,7.0,2,5
1458,1,0,4.0,4.0,6.0,5.0,5.0,5.0,5.0,0,5
1459,0,0,4.0,4.0,4.0,5.0,4.0,5.0,5.0,0,5
1460,0,0,3.0,3.0,5.0,5.0,5.0,6.0,5.0,2,5
1461,0,0,4.0,4.0,5.0,5.0,6.0,6.0,6.0,2,5
1462,0,0,4.0,4.0,5.0,5.0,5.0,5.0,5.0,0,5
1463,0,0,4.0,4.0,7.0,7.0,7.0,7.0,7.0,0,5
1464,1,0,4.0,4.0,6.0,6.0,6.0,6.0,5.0,0,5
1465,1,0,4.0,4.0,5.0,5.0,5.0,5.0,6.0,0,5
1467,1,0,4.0,4.0,5.0,6.0,6.0,6.0,6.0,0,5
1468,0,0,3.0,3.0,4.0,4.0,4.0,5.0,5.0,2,5
1469,1,0,3.0,3.0,4.0,5.0,5.0,5.0,5.0,9,5
1470,0,0,4.0,4.0,7.0,7.0,7.0,7.0,7.0,0,5
1471,1,0,4.0,4.0,7.0,7.0,7.0,7.0,7.0,0,5
1472,1,0,4.0,4.0,7.0,7.0,7.0,7.0,6.0,0,5
1474,0,0,4.0,4.0,7.0,7.0,6.0,7.0,7.0,0,5
1476,0,0,4.0,4.0,6.0,7.0,7.0,7.0,7.0,0,5
1477,1,0,4.0,4.0,5.0,6.0,5.0,6.0,6.0,0,5
1478,1,0,4.0,4.0,6.0,7.0,6.0,6.0,6.0,0,5
1479,0,0,3.0,3.0,5.0,6.0,5.0,5.0,6.0,2,5
1480,1,0,4.0,4.0,5.0,6.0,6.0,7.0,6.0,0,5
1481,0,0,4.0,4.0,6.0,6.0,6.0,7.0,7.0,9,5
1482,0,0,4.0,4.0,3.0,4.0,4.0,4.0,5.0,0,5
1483,0,0,4.0,4.0,7.0,6.0,6.0,7.0,7.0,0,5
1485,1,0,3.0,3.0,4.0,5.0,5.0,4.0,5.0,2,5
1486,1,0,4.0,4.0,4.0,4.0,4.0,3.0,4.0,0,5
1487,1,0,3.0,3.0,5.0,6.0,5.0,6.0,5.0,2,5
1488,1,0,3.0,3.0,4.0,5.0,5.0,5.0,5.0,0,5
1489,1,0,4.0,4.0,6.0,6.0,5.0,6.0,6.0,0,5
1490,1,0,4.0,4.0,3.0,4.0,5.0,5.0,5.0,0,5
1491,0,0,4.0,4.0,4.0,5.0,3.0,4.0,4.0,2,5
1492,0,0,4.0,4.0,6.0,6.0,6.0,7.0,6.0,0,5
1493,1,0,4.0,4.0,5.0,7.0,6.0,7.0,6.0,0,5
1494,1,0,4.0,4.0,5.0,5.0,6.0,5.0,6.0,0,5
1495,1,0,4.0,4.0,6.0,6.0,5.0,6.0,5.0,2,5
1497,1,0,4.0,4.0,3.0,5.0,5.0,5.0,5.0,0,5
1498,0,0,4.0,4.0,6.0,5.0,7.0,7.0,6.0,2,5
1499,1,0,3.0,3.0,3.0,4.0,3.0,3.0,5.0,2,5
1500,0,0,4.0,4.0,4.0,6.0,4.0,4.0,5.0,9,5
1503,0,0,4.0,4.0,4.0,5.0,4.0,5.0,5.0,2,5
1504,0,0,4.0,4.0,6.0,7.0,7.0,7.0,7.0,0,5
1505,0,0,3.0,3.0,4.0,4.0,4.0,4.0,6.0,0,5
1506,1,0,4.0,4.0,4.0,5.0,4.0,4.0,5.0,2,5
1507,0,0,4.0,4.0,6.0,6.0,7.0,7.0,7.0,2,5
1508,0,0,4.0,4.0,5.0,5.0,6.0,6.0,6.0,2,5
1510,0,0,4.0,4.0,4.0,5.0,6.0,7.0,6.0,2,5
1511,1,0,3.0,3.0,4.0,3.0,3.0,4.0,4.0,0,5
1512,1,0,3.0,3.0,4.0,5.0,4.0,5.0,5.0,2,5
1513,1,0,3.0,3.0,6.0,6.0,7.0,7.0,6.0,2,5
1516,1,0,3.0,3.0,3.0,4.0,3.0,4.0,5.0,0,5
1517,1,0,3.0,3.0,4.0,4.0,3.0,3.0,3.0,2,5
1518,1,0,3.0,3.0,4.0,4.0,5.0,5.0,4.0,0,5
1519,0,0,3.0,3.0,6.0,6.0,6.0,7.0,6.0,2,5
1520,1,0,4.0,4.0,5.0,5.0,6.0,7.0,6.0,0,5
1521,1,0,3.0,3.0,3.0,3.0,4.0,4.0,3.0,9,5
1524,1,0,4.0,4.0,5.0,4.0,4.0,5.0,5.0,0,5
1525,1,0,3.0,3.0,4.0,5.0,4.0,4.0,5.0,2,5
1526,1,0,3.0,3.0,4.0,4.0,4.0,4.0,4.0,2,5
1527,0,0,4.0,4.0,7.0,7.0,7.0,7.0,7.0,0,5
1528,0,0,4.0,4.0,7.0,7.0,7.0,7.0,7.0,0,5
1529,0,0,3.0,3.0,4.0,4.0,4.0,5.0,5.0,2,5
1530,1,0,4.0,4.0,6.0,6.0,5.0,5.0,5.0,2,5
1531,0,0,4.0,4.0,6.0,6.0,4.0,6.0,7.0,0,5
1532,0,0,4.0,4.0,5.0,5.0,5.0,6.0,6.0,2,5
1534,0,0,4.0,4.0,5.0,5.0,4.0,5.0,5.0,0,5
1535,1,0,4.0,4.0,3.0,4.0,4.0,4.0,5.0,0,5
1536,1,0,4.0,4.0,5.0,5.0,6.0,6.0,6.0,0,5
1538,1,0,3.0,3.0,4.0,4.0,4.0,5.0,5.0,0,5
1539,0,0,3.0,3.0,4.0,5.0,4.0,5.0,5.0,0,5
1540,1,0,4.0,4.0,3.0,4.0,4.0,5.0,6.0,0,5
1541,0,0,4.0,4.0,4.0,4.0,4.0,5.0,6.0,2,5
1542,1,0,3.0,3.0,4.0,4.0,4.0,6.0,5.0,0,5
1543,0,0,4.0,4.0,4.0,4.0,4.0,4.0,4.0,0,5
1544,1,0,3.0,3.0,4.0,4.0,3.0,4.0,5.0,2,5
1545,1,0,4.0,4.0,2.0,3.0,3.0,3.0,6.0,0,5
1546,1,0,4.0,4.0,4.0,3.0,3.0,4.0,5.0,0,5
1547,0,0,4.0,4.0,7.0,6.0,6.0,7.0,6.0,0,5
1548,0,0,4.0,4.0,4.0,4.0,4.0,5.0,5.0,0,5
1549,1,0,4.0,4.0,3.0,4.0,4.0,5.0,5.0,2,5
1550,1,0,3.0,3.0,3.0,4.0,4.0,6.0,6.0,2,5
1551,1,0,4.0,4.0,6.0,6.0,6.0,6.0,6.0,0,5
1553,0,0,3.0,3.0,4.0,4.0,4.0,5.0,4.0,2,5
1554,0,0,4.0,4.0,5.0,6.0,5.0,7.0,6.0,0,5
1555,1,0,4.0,4.0,4.0,5.0,3.0,4.0,5.0,0,5
1556,1,0,3.0,3.0,5.0,4.0,4.0,5.0,4.0,0,5
1559,1,0,3.0,3.0,4.0,5.0,4.0,4.0,5.0,2,5
1560,1,0,4.0,4.0,7.0,7.0,7.0,7.0,7.0,0,5
1561,1,0,4.0,4.0,6.0,5.0,5.0,6.0,6.0,0,5
1562,1,0,4.0,4.0,4.0,4.0,3.0,5.0,4.0,0,5
1564,1,0,4.0,4.0,4.0,5.0,4.0,5.0,6.0,0,5
1565,1,0,3.0,3.0,3.0,4.0,3.0,4.0,4.0,0,5
1566,1,0,3.0,3.0,3.0,3.0,5.0,0.0,0.0,0,5
1567,0,0,3.0,3.0,5.0,5.0,6.0,6.0,6.0,2,5
1568,1,0,3.0,3.0,3.0,4.0,3.0,5.0,5.0,0,5
1569,1,0,4.0,4.0,4.0,4.0,3.0,3.0,4.0,9,5
1570,1,0,4.0,4.0,5.0,6.0,5.0,7.0,6.0,0,5
1571,1,0,4.0,4.0,5.0,5.0,4.0,6.0,6.0,0,5
1572,1,0,3.0,3.0,4.0,4.0,4.0,5.0,4.0,2,5
1573,1,0,3.0,3.0,3.0,3.0,3.0,4.0,4.0,2,5
1575,0,0,4.0,4.0,4.0,4.0,5.0,6.0,7.0,2,5
1576,0,0,3.0,3.0,4.0,5.0,4.0,5.0,4.0,2,5
1577,1,0,3.0,3.0,3.0,4.0,3.0,4.0,4.0,0,5
1578,1,0,3.0,3.0,3.0,3.0,3.0,3.0,6.0,0,5
1579,1,0,4.0,4.0,7.0,7.0,7.0,7.0,7.0,0,5
1580,1,0,3.0,3.0,5.0,4.0,5.0,5.0,6.0,0,5
1581,1,0,4.0,4.0,3.0,2.0,2.0,3.0,4.0,0,5
1582,1,0,3.0,3.0,3.0,2.0,3.0,4.0,4.0,2,5
1587,1,0,3.0,3.0,4.0,4.0,5.0,5.0,5.0,0,5
1588,1,0,3.0,3.0,3.0,3.0,3.0,5.0,5.0,0,5
1589,1,0,3.0,3.0,4.0,3.0,3.0,3.0,3.0,2,5
1591,1,0,4.0,4.0,5.0,5.0,6.0,5.0,7.0,0,5
1593,0,0,3.0,3.0,4.0,5.0,3.0,5.0,5.0,0,5
1594,1,0,4.0,4.0,4.0,5.0,5.0,4.0,6.0,0,5
1595,0,0,3.0,3.0,3.0,3.0,3.0,4.0,5.0,0,5
1596,0,0,3.0,3.0,2.0,4.0,2.0,3.0,3.0,2,5
1597,1,0,4.0,4.0,7.0,6.0,6.0,7.0,6.0,0,5
1598,1,0,3.0,3.0,5.0,5.0,4.0,5.0,5.0,0,5
1599,1,0,4.0,4.0,5.0,6.0,5.0,6.0,6.0,0,5
1600,1,0,4.0,4.0,3.0,3.0,3.0,0.0,4.0,0,5
1601,0,0,4.0,4.0,6.0,6.0,5.0,6.0,6.0,0,5
1602,1,0,3.0,3.0,4.0,5.0,5.0,5.0,6.0,0,5
1603,1,0,3.0,3.0,3.0,4.0,4.0,5.0,3.0,2,5
1604,1,0,3.0,3.0,5.0,5.0,5.0,5.0,6.0,0,5
1606,1,0,4.0,4.0,3.0,4.0,4.0,3.0,4.0,9,5
1607,1,0,4.0,4.0,5.0,6.0,5.0,5.0,5.0,0,5
1608,1,0,4.0,4.0,6.0,6.0,5.0,6.0,6.0,0,5
1609,1,0,3.0,3.0,3.0,5.0,4.0,4.0,4.0,0,5
1610,1,0,3.0,3.0,3.0,3.0,4.0,4.0,4.0,2,5
1611,1,0,3.0,3.0,4.0,4.0,5.0,4.0,5.0,0,5
1612,1,0,4.0,4.0,3.0,4.0,3.0,3.0,4.0,0,5
1614,1,0,4.0,4.0,4.0,5.0,4.0,4.0,6.0,0,5
1615,0,0,4.0,4.0,5.0,5.0,5.0,5.0,5.0,9,5
1616,1,0,4.0,4.0,7.0,7.0,7.0,7.0,7.0,0,5
1618,1,0,3.0,3.0,4.0,4.0,4.0,5.0,5.0,0,5
1619,0,0,4.0,4.0,4.0,5.0,5.0,6.0,6.0,0,5
1623,1,0,4.0,4.0,6.0,7.0,4.0,7.0,6.0,0,5
1624,1,0,3.0,3.0,4.0,4.0,4.0,4.0,4.0,0,5
1625,0,0,4.0,4.0,5.0,6.0,5.0,5.0,6.0,0,5
1626,0,0,4.0,4.0,3.0,4.0,4.0,3.0,4.0,2,5
1628,1,0,3.0,3.0,3.0,3.0,3.0,3.0,3.0,0,5
1630,0,0,4.0,4.0,6.0,6.0,6.0,6.0,6.0,0,5
1632,1,0,3.0,3.0,3.0,4.0,3.0,5.0,6.0,0,5
1633,1,0,3.0,3.0,4.0,5.0,3.0,0.0,4.0,0,5
1634,1,0,4.0,4.0,6.0,6.0,5.0,5.0,6.0,0,5
1635,1,0,4.0,4.0,4.0,5.0,5.0,5.0,6.0,0,5
1638,1,0,4.0,4.0,6.0,6.0,6.0,6.0,7.0,0,5
1639,0,0,4.0,4.0,6.0,6.0,7.0,7.0,7.0,0,5
1640,1,0,3.0,3.0,4.0,5.0,4.0,4.0,5.0,0,5
1641,1,0,4.0,4.0,5.0,6.0,5.0,5.0,6.0,0,5
1642,1,0,4.0,4.0,3.0,4.0,4.0,3.0,3.0,0,5
1643,0,0,3.0,3.0,0.0,0.0,0.0,0.0,4.0,2,5
1644,1,0,3.0,3.0,3.0,4.0,4.0,5.0,4.0,2,5
1645,0,0,4.0,4.0,7.0,6.0,6.0,6.0,6.0,2,5
1646,1,0,4.0,4.0,5.0,4.0,5.0,5.0,6.0,0,5
1649,0,0,3.0,3.0,3.0,4.0,3.0,4.0,4.0,0,5
1652,0,0,3.0,3.0,3.0,4.0,4.0,4.0,5.0,2,5
1655,1,0,4.0,4.0,3.0,4.0,3.0,4.0,5.0,0,5
1658,1,0,3.0,3.0,3.0,4.0,3.0,3.0,4.0,0,5
1660,1,0,4.0,4.0,4.0,4.0,5.0,5.0,5.0,0,5
1661,1,0,4.0,4.0,4.0,5.0,4.0,5.0,5.0,0,5
1662,0,0,4.0,4.0,5.0,6.0,5.0,5.0,6.0,0,5
1664,1,0,3.0,3.0,2.0,2.0,2.0,3.0,3.0,0,5
1666,1,0,3.0,3.0,3.0,3.0,3.0,3.0,3.0,2,5
1667,1,0,3.0,3.0,3.0,3.0,4.0,4.0,5.0,0,5
1668,1,0,4.0,4.0,3.0,3.0,3.0,3.0,3.0,9,5
1669,0,0,4.0,4.0,4.0,5.0,3.0,5.0,5.0,0,5
1670,0,0,3.0,3.0,4.0,5.0,4.0,4.0,5.0,0,5
1671,1,0,4.0,4.0,5.0,6.0,5.0,6.0,6.0,0,5
1672,0,0,3.0,3.0,4.0,5.0,4.0,4.0,5.0,0,5
1673,0,0,3.0,3.0,4.0,4.0,4.0,4.0,5.0,0,5
1674,1,0,4.0,4.0,3.0,4.0,3.0,4.0,4.0,0,5
1676,0,0,4.0,4.0,6.0,6.0,6.0,6.0,5.0,0,5
1677,1,0,4.0,4.0,5.0,4.0,5.0,5.0,6.0,0,5
1678,1,0,3.0,3.0,3.0,4.0,3.0,3.0,3.0,0,5
1679,1,0,4.0,4.0,6.0,6.0,6.0,6.0,6.0,0,5
1680,1,0,3.0,3.0,5.0,5.0,5.0,5.0,5.0,0,5
1681,1,0,4.0,4.0,5.0,5.0,5.0,5.0,6.0,9,5
1683,0,0,4.0,4.0,5.0,6.0,5.0,5.0,6.0,0,5
1684,1,0,4.0,4.0,4.0,5.0,4.0,4.0,5.0,0,5
1686,1,0,3.0,3.0,5.0,5.0,5.0,5.0,6.0,0,5
1688,1,0,4.0,4.0,6.0,6.0,7.0,7.0,7.0,0,5
1690,1,0,4.0,4.0,3.0,5.0,4.0,4.0,4.0,0,5
1691,1,0,3.0,3.0,4.0,5.0,4.0,5.0,5.0,0,5
1692,1,0,3.0,3.0,3.0,4.0,3.0,3.0,4.0,2,5
1693,0,0,4.0,4.0,4.0,4.0,5.0,5.0,6.0,9,5
1694,1,0,4.0,4.0,3.0,5.0,4.0,5.0,5.0,0,5
1695,1,0,4.0,4.0,6.0,6.0,6.0,5.0,5.0,0,5
1696,1,0,3.0,3.0,4.0,5.0,4.0,3.0,3.0,0,5
1697,1,0,3.0,3.0,5.0,6.0,5.0,5.0,7.0,0,5
1700,1,0,4.0,4.0,6.0,6.0,5.0,6.0,7.0,0,5
1701,0,0,4.0,4.0,4.0,5.0,4.0,4.0,4.0,0,5
1703,1,0,4.0,4.0,3.0,4.0,4.0,4.0,4.0,0,5
1704,1,0,4.0,4.0,5.0,5.0,4.0,4.0,5.0,0,5
1705,1,0,4.0,4.0,4.0,5.0,5.0,5.0,7.0,0,5
1706,1,0,4.0,4.0,4.0,4.0,4.0,5.0,4.0,9,5
1707,1,0,4.0,4.0,6.0,5.0,5.0,5.0,6.0,0,5
1708,1,0,3.0,3.0,5.0,5.0,5.0,5.0,6.0,0,5
1709,0,0,4.0,4.0,3.0,4.0,3.0,3.0,4.0,0,5
1710,1,0,4.0,4.0,4.0,5.0,3.0,5.0,6.0,9,5
1711,0,0,4.0,4.0,5.0,7.0,5.0,7.0,7.0,0,5
1713,1,0,4.0,4.0,5.0,5.0,4.0,3.0,5.0,0,5
1714,1,0,4.0,4.0,6.0,6.0,5.0,5.0,5.0,0,5
1719,0,0,4.0,4.0,3.0,4.0,4.0,4.0,5.0,2,5
1720,0,0,4.0,4.0,4.0,5.0,5.0,6.0,6.0,0,5
1721,1,0,4.0,4.0,6.0,5.0,5.0,4.0,5.0,0,5
1722,0,0,3.0,3.0,4.0,5.0,3.0,4.0,4.0,9,5
1723,0,0,4.0,4.0,5.0,5.0,5.0,6.0,7.0,0,5
1724,1,0,3.0,3.0,3.0,4.0,4.0,4.0,4.0,0,5
1725,0,0,4.0,4.0,6.0,6.0,6.0,6.0,6.0,0,5
1728,0,0,4.0,4.0,7.0,7.0,6.0,7.0,7.0,0,5
1729,1,0,3.0,3.0,2.0,3.0,3.0,4.0,4.0,0,5
1731,0,0,4.0,4.0,5.0,6.0,5.0,5.0,6.0,0,5
1735,0,0,3.0,3.0,3.0,3.0,2.0,3.0,4.0,0,5
1737,1,0,3.0,3.0,0.0,0.0,0.0,0.0,4.0,0,5
1738,1,0,4.0,4.0,4.0,5.0,5.0,5.0,6.0,0,5
1739,1,0,3.0,3.0,3.0,4.0,4.0,4.0,4.0,0,5
1740,0,0,4.0,4.0,7.0,7.0,7.0,5.0,7.0,9,5
1742,1,0,3.0,3.0,3.0,3.0,3.0,3.0,3.0,2,5
1745,1,0,4.0,4.0,6.0,6.0,5.0,6.0,6.0,0,5
1746,1,0,3.0,3.0,7.0,6.0,6.0,6.0,7.0,0,5
1747,1,0,4.0,4.0,5.0,5.0,5.0,4.0,4.0,0,5
1748,0,0,4.0,4.0,3.0,4.0,4.0,6.0,6.0,2,5
1749,1,0,4.0,4.0,5.0,6.0,6.0,7.0,7.0,0,5
1750,1,0,4.0,4.0,7.0,7.0,7.0,7.0,7.0,0,5
1751,1,0,3.0,3.0,6.0,6.0,6.0,5.0,6.0,2,5
1752,0,0,4.0,4.0,3.0,4.0,4.0,3.0,4.0,0,5
1753,0,0,4.0,4.0,3.0,4.0,4.0,3.0,4.0,0,5
1754,0,0,4.0,4.0,4.0,5.0,5.0,4.0,5.0,2,5
1756,1,0,3.0,3.0,4.0,4.0,3.0,4.0,4.0,0,5
1757,1,0,4.0,4.0,4.0,5.0,4.0,4.0,4.0,0,5
1759,1,0,4.0,4.0,4.0,5.0,4.0,5.0,5.0,0,5
1760,1,0,4.0,4.0,5.0,4.0,4.0,4.0,0.0,0,5
1764,0,0,4.0,4.0,6.0,6.0,5.0,4.0,5.0,0,5
1765,0,0,3.0,3.0,4.0,5.0,5.0,6.0,6.0,2,5
1767,1,0,4.0,4.0,4.0,4.0,5.0,5.0,4.0,0,5
1769,1,0,3.0,3.0,5.0,5.0,6.0,5.0,5.0,0,5
1770,0,0,4.0,4.0,7.0,7.0,7.0,7.0,7.0,0,5
1771,0,0,4.0,4.0,3.0,4.0,3.0,3.0,4.0,2,5
1774,1,0,4.0,4.0,4.0,5.0,6.0,6.0,5.0,0,5
1775,1,0,4.0,4.0,7.0,6.0,6.0,6.0,6.0,0,5
1777,1,0,4.0,4.0,7.0,6.0,7.0,6.0,7.0,0,5
1780,1,0,4.0,4.0,5.0,6.0,6.0,6.0,6.0,2,5
1781,1,0,4.0,4.0,6.0,6.0,7.0,7.0,7.0,0,5
1782,1,0,3.0,3.0,3.0,3.0,4.0,3.0,0.0,9,5
1783,1,0,4.0,4.0,6.0,6.0,5.0,5.0,6.0,0,5
1784,1,0,4.0,4.0,5.0,6.0,6.0,6.0,6.0,0,5
1785,1,0,4.0,4.0,3.0,4.0,4.0,5.0,5.0,0,5
1789,1,0,3.0,3.0,4.0,4.0,4.0,3.0,3.0,2,5
1791,0,0,4.0,4.0,5.0,5.0,5.0,4.0,4.0,0,5
1792,0,0,4.0,4.0,3.0,4.0,5.0,5.0,6.0,0,5
1794,0,0,4.0,4.0,7.0,7.0,7.0,7.0,7.0,0,5
1795,1,0,4.0,4.0,5.0,5.0,5.0,5.0,5.0,0,5
1796,1,0,4.0,4.0,5.0,7.0,6.0,6.0,6.0,0,5
1797,1,0,4.0,4.0,4.0,5.0,5.0,5.0,5.0,0,5
1799,0,0,4.0,4.0,6.0,6.0,7.0,6.0,6.0,0,5
1801,1,0,4.0,4.0,4.0,5.0,5.0,5.0,6.0,2,5
1802,1,0,3.0,3.0,4.0,5.0,4.0,4.0,4.0,0,5
1803,0,0,4.0,4.0,4.0,5.0,5.0,5.0,5.0,0,5
1804,0,0,3.0,3.0,4.0,4.0,5.0,5.0,6.0,0,5
1805,0,0,4.0,4.0,7.0,6.0,6.0,5.0,5.0,0,5
1806,0,0,4.0,4.0,6.0,6.0,6.0,6.0,6.0,0,5
1808,1,0,3.0,3.0,3.0,4.0,4.0,3.0,3.0,0,5
1809,0,0,4.0,4.0,4.0,4.0,5.0,5.0,6.0,9,5
1810,0,0,3.0,3.0,3.0,4.0,4.0,4.0,4.0,2,5
1811,0,0,3.0,3.0,3.0,4.0,4.0,3.0,3.0,0,5
1812,1,0,4.0,4.0,4.0,3.0,5.0,5.0,4.0,0,5
1813,1,0,4.0,4.0,7.0,6.0,6.0,6.0,5.0,0,5
1814,1,0,4.0,4.0,6.0,5.0,5.0,5.0,5.0,0,5
1815,1,0,4.0,4.0,5.0,6.0,6.0,6.0,6.0,0,5
1816,0,0,4.0,4.0,7.0,7.0,7.0,7.0,7.0,0,5
1818,1,0,3.0,3.0,5.0,5.0,5.0,5.0,5.0,0,5
1819,1,0,4.0,4.0,7.0,6.0,6.0,6.0,5.0,0,5
1820,1,0,4.0,4.0,7.0,7.0,7.0,7.0,6.0,0,5
1821,1,0,4.0,4.0,4.0,4.0,4.0,5.0,3.0,0,5
1822,0,0,4.0,4.0,4.0,4.0,3.0,4.0,4.0,2,5
1824,1,0,3.0,3.0,5.0,5.0,5.0,6.0,5.0,2,5
1825,0,0,4.0,4.0,7.0,6.0,6.0,6.0,6.0,0,5
1826,1,0,3.0,3.0,4.0,5.0,5.0,5.0,6.0,0,5
1827,1,0,4.0,4.0,6.0,6.0,5.0,6.0,5.0,0,5
1830,0,0,4.0,4.0,7.0,7.0,6.0,7.0,7.0,0,5
1831,0,0,4.0,4.0,7.0,7.0,7.0,7.0,7.0,0,5
1832,0,0,4.0,4.0,7.0,7.0,5.0,4.0,4.0,0,5
1833,1,0,4.0,4.0,6.0,5.0,5.0,5.0,4.0,0,5
1834,0,0,3.0,3.0,4.0,4.0,5.0,5.0,5.0,2,5
1836,1,0,4.0,4.0,5.0,5.0,5.0,4.0,4.0,2,5
1837,1,0,3.0,3.0,3.0,3.0,4.0,4.0,5.0,2,5
1838,1,0,4.0,4.0,6.0,6.0,5.0,5.0,4.0,0,5
1840,1,0,4.0,4.0,6.0,6.0,6.0,5.0,5.0,0,5
1841,1,0,3.0,3.0,4.0,4.0,4.0,4.0,4.0,2,5
1842,0,0,3.0,3.0,4.0,4.0,3.0,5.0,4.0,9,5
1846,0,0,4.0,4.0,5.0,5.0,5.0,5.0,6.0,0,5
1847,1,0,4.0,4.0,3.0,4.0,3.0,4.0,4.0,0,5
1848,1,0,4.0,4.0,6.0,6.0,5.0,6.0,5.0,0,5
1849,0,0,4.0,4.0,5.0,6.0,5.0,6.0,6.0,0,5
1850,1,0,4.0,4.0,4.0,4.0,4.0,4.0,4.0,2,5
1851,1,0,3.0,3.0,3.0,3.0,3.0,4.0,3.0,0,5
1852,0,0,4.0,4.0,6.0,7.0,6.0,7.0,6.0,9,5
1853,0,0,4.0,4.0,7.0,6.0,7.0,7.0,6.0,0,5
1855,1,0,3.0,3.0,7.0,7.0,6.0,7.0,5.0,0,5
1856,0,0,3.0,3.0,4.0,4.0,4.0,4.0,4.0,0,5
1857,1,0,4.0,4.0,5.0,5.0,5.0,5.0,4.0,0,5
1858,1,0,3.0,3.0,5.0,5.0,6.0,6.0,6.0,2,5
1859,0,0,3.0,3.0,5.0,6.0,5.0,5.0,5.0,0,5
1860,1,0,4.0,4.0,5.0,5.0,6.0,6.0,5.0,0,5
1861,0,0,4.0,4.0,5.0,5.0,5.0,4.0,3.0,2,5
1863,0,0,4.0,4.0,4.0,5.0,5.0,5.0,5.0,0,5
1864,0,0,4.0,4.0,4.0,5.0,5.0,5.0,5.0,9,5
1865,1,0,4.0,4.0,6.0,6.0,6.0,6.0,6.0,0,5
1866,1,0,4.0,4.0,4.0,5.0,4.0,6.0,4.0,0,5
1868,1,0,3.0,3.0,4.0,3.0,4.0,4.0,5.0,0,5
1869,0,0,3.0,3.0,3.0,3.0,3.0,5.0,6.0,0,5
1870,1,0,4.0,4.0,7.0,6.0,6.0,6.0,5.0,0,5
1871,0,0,4.0,4.0,2.0,4.0,3.0,3.0,4.0,9,5
1872,0,0,4.0,4.0,3.0,3.0,3.0,4.0,5.0,2,5
1873,0,0,3.0,3.0,3.0,3.0,3.0,3.0,3.0,2,5
1874,1,0,4.0,4.0,4.0,4.0,5.0,5.0,4.0,0,5
1875,1,0,3.0,3.0,4.0,4.0,4.0,4.0,4.0,2,5
1876,1,0,3.0,3.0,3.0,4.0,4.0,4.0,4.0,0,5
1877,1,0,3.0,3.0,5.0,4.0,4.0,5.0,4.0,0,5
1878,1,0,4.0,4.0,3.0,3.0,4.0,3.0,4.0,0,5
1879,1,0,3.0,3.0,6.0,6.0,6.0,5.0,6.0,0,5
1880,1,0,4.0,4.0,4.0,4.0,5.0,5.0,5.0,2,5
1881,1,0,4.0,4.0,4.0,4.0,5.0,3.0,4.0,0,5
1882,0,0,4.0,4.0,7.0,7.0,6.0,7.0,7.0,0,5
1883,0,0,4.0,4.0,5.0,5.0,5.0,6.0,6.0,0,5
1884,1,0,4.0,4.0,5.0,5.0,5.0,4.0,3.0,0,5
1942,1,0,4.0,4.0,4.0,5.0,5.0,4.0,5.0,0,5
1944,1,0,3.0,3.0,4.0,5.0,4.0,4.0,5.0,2,5
1945,1,0,4.0,4.0,7.0,7.0,6.0,7.0,7.0,0,5
1946,1,0,3.0,3.0,5.0,4.0,4.0,5.0,4.0,0,5
1947,0,0,4.0,4.0,6.0,6.0,4.0,6.0,6.0,0,5
1948,1,0,4.0,4.0,4.0,4.0,4.0,6.0,6.0,2,5
1949,1,0,4.0,4.0,6.0,6.0,6.0,6.0,5.0,0,5
1950,0,0,4.0,4.0,4.0,5.0,7.0,6.0,6.0,0,5
1951,1,0,3.0,3.0,3.0,3.0,3.0,3.0,4.0,2,5
1953,1,0,4.0,4.0,7.0,6.0,7.0,7.0,7.0,0,5
1954,1,0,4.0,4.0,6.0,7.0,6.0,7.0,7.0,0,5
1955,1,0,4.0,4.0,6.0,6.0,6.0,6.0,6.0,0,5
1956,1,0,4.0,4.0,4.0,4.0,4.0,5.0,5.0,2,5
1958,0,0,4.0,4.0,6.0,5.0,5.0,6.0,6.0,0,5
1960,0,0,3.0,3.0,4.0,4.0,3.0,3.0,3.0,0,5
1964,0,0,4.0,4.0,5.0,5.0,6.0,6.0,6.0,0,5
1965,1,0,4.0,4.0,3.0,3.0,4.0,3.0,0.0,2,5
1966,1,0,3.0,3.0,4.0,4.0,4.0,5.0,6.0,0,5
1967,1,0,4.0,4.0,5.0,7.0,7.0,7.0,7.0,0,5
1968,1,0,3.0,3.0,4.0,5.0,5.0,5.0,3.0,2,5
1969,0,0,3.0,3.0,3.0,3.0,3.0,4.0,5.0,2,5
1970,0,0,3.0,3.0,3.0,4.0,4.0,5.0,5.0,0,5
1971,0,0,4.0,4.0,4.0,5.0,4.0,5.0,6.0,0,5
1972,0,0,4.0,4.0,5.0,6.0,6.0,7.0,6.0,0,5
1973,1,0,4.0,4.0,5.0,5.0,4.0,4.0,4.0,0,5
1974,1,0,3.0,3.0,6.0,6.0,6.0,6.0,6.0,0,5
1975,0,0,4.0,4.0,6.0,5.0,6.0,6.0,5.0,0,5
1977,0,0,4.0,4.0,4.0,4.0,4.0,6.0,5.0,2,5
1978,1,0,3.0,3.0,4.0,4.0,3.0,4.0,5.0,2,5
1979,1,0,3.0,3.0,5.0,7.0,6.0,7.0,7.0,0,5
1981,0,0,4.0,4.0,5.0,5.0,5.0,7.0,7.0,2,5
1982,0,0,4.0,4.0,6.0,5.0,5.0,5.0,6.0,0,5
1983,1,0,4.0,4.0,7.0,6.0,6.0,6.0,6.0,0,5
1984,0,0,4.0,4.0,6.0,5.0,6.0,7.0,7.0,0,5
1985,1,0,3.0,3.0,4.0,4.0,5.0,5.0,5.0,2,5
1987,0,0,4.0,4.0,5.0,5.0,5.0,6.0,6.0,2,5
1988,0,0,4.0,4.0,4.0,4.0,3.0,5.0,6.0,2,5
1989,1,0,3.0,3.0,3.0,3.0,3.0,3.0,4.0,0,5
1990,1,0,3.0,3.0,4.0,4.0,4.0,4.0,5.0,0,5
1991,1,0,3.0,3.0,3.0,5.0,4.0,5.0,5.0,2,5
1994,1,0,4.0,4.0,5.0,5.0,4.0,4.0,3.0,0,5
1995,0,0,3.0,3.0,3.0,4.0,4.0,5.0,6.0,2,5
1996,1,0,4.0,4.0,4.0,6.0,6.0,6.0,6.0,0,5
1997,1,0,4.0,4.0,4.0,5.0,3.0,4.0,5.0,0,5
1998,1,0,4.0,4.0,5.0,6.0,6.0,6.0,7.0,0,5
2001,1,0,3.0,3.0,3.0,3.0,3.0,4.0,4.0,2,5
2004,1,0,4.0,4.0,6.0,7.0,6.0,7.0,7.0,0,5
2005,0,0,4.0,4.0,3.0,4.0,4.0,4.0,5.0,0,5
2007,1,0,4.0,4.0,6.0,6.0,6.0,5.0,6.0,0,5
2008,1,0,3.0,3.0,3.0,3.0,3.0,4.0,5.0,2,5
2010,1,0,3.0,3.0,3.0,4.0,3.0,4.0,4.0,0,5
2011,0,0,3.0,3.0,4.0,4.0,3.0,4.0,5.0,2,5
2014,1,0,4.0,4.0,4.0,5.0,5.0,0.0,4.0,0,5
2015,1,0,3.0,3.0,5.0,5.0,5.0,0.0,0.0,0,5
2016,1,0,3.0,3.0,5.0,4.0,5.0,0.0,0.0,0,5
2017,1,0,4.0,4.0,4.0,5.0,4.0,5.0,4.0,0,5
2018,1,0,3.0,3.0,7.0,7.0,7.0,7.0,3.0,9,5
2020,1,0,4.0,4.0,6.0,5.0,6.0,7.0,6.0,0,5
2021,1,0,4.0,4.0,4.0,4.0,4.0,4.0,4.0,0,5
2022,1,0,4.0,4.0,4.0,4.0,4.0,5.0,5.0,0,5
2025,1,0,3.0,3.0,4.0,5.0,4.0,4.0,6.0,0,5
2026,1,0,4.0,4.0,7.0,7.0,7.0,7.0,7.0,0,5
2027,1,0,3.0,3.0,3.0,3.0,3.0,3.0,3.0,0,5
2028,1,0,4.0,4.0,3.0,4.0,3.0,4.0,4.0,0,5
2029,0,0,3.0,3.0,3.0,4.0,4.0,5.0,4.0,0,5
2030,1,0,3.0,3.0,4.0,4.0,3.0,4.0,4.0,0,5
2031,1,0,3.0,3.0,0.0,0.0,0.0,7.0,4.0,9,5
2032,0,0,3.0,3.0,3.0,3.0,4.0,5.0,5.0,0,5
2033,1,0,3.0,3.0,4.0,5.0,4.0,5.0,4.0,0,5
2034,0,0,4.0,4.0,6.0,7.0,6.0,6.0,7.0,9,5
2035,1,0,3.0,3.0,4.0,3.0,3.0,4.0,3.0,0,5
2036,0,0,3.0,3.0,5.0,6.0,6.0,6.0,7.0,0,5
2039,0,0,3.0,3.0,0.0,0.0,3.0,0.0,4.0,0,5
2040,0,0,3.0,3.0,0.0,0.0,0.0,0.0,5.0,0,5
2041,0,0,3.0,3.0,3.0,3.0,4.0,5.0,4.0,9,5
2042,0,0,4.0,4.0,5.0,5.0,6.0,6.0,6.0,9,5
2043,0,0,4.0,4.0,5.0,5.0,7.0,7.0,6.0,9,5
2044,1,0,4.0,4.0,6.0,5.0,5.0,5.0,6.0,0,5
2045,1,0,4.0,4.0,6.0,5.0,5.0,5.0,5.0,0,5
2046,0,0,4.0,4.0,3.0,4.0,4.0,5.0,5.0,0,5
2047,1,0,3.0,3.0,4.0,4.0,5.0,4.0,4.0,0,5
2048,1,0,4.0,4.0,7.0,6.0,7.0,7.0,7.0,0,5
2049,0,0,3.0,3.0,6.0,7.0,7.0,6.0,6.0,9,5
2052,1,0,3.0,3.0,3.0,4.0,3.0,4.0,4.0,0,5
2053,0,0,4.0,4.0,4.0,3.0,3.0,4.0,6.0,0,5
2054,0,0,4.0,4.0,3.0,4.0,3.0,5.0,4.0,0,5
2056,1,0,4.0,4.0,4.0,5.0,6.0,5.0,5.0,0,5
2057,1,0,3.0,3.0,4.0,4.0,5.0,5.0,5.0,0,5
2058,1,0,4.0,4.0,4.0,5.0,5.0,5.0,6.0,9,5
2061,0,0,3.0,3.0,4.0,4.0,4.0,4.0,4.0,0,5
2062,1,0,4.0,4.0,3.0,4.0,5.0,6.0,5.0,0,5
2064,1,0,4.0,4.0,4.0,4.0,5.0,4.0,4.0,0,5
2065,1,0,4.0,4.0,3.0,4.0,4.0,4.0,3.0,0,5
2066,1,0,3.0,3.0,4.0,3.0,3.0,3.0,4.0,0,5
2067,1,0,4.0,4.0,4.0,3.0,3.0,4.0,4.0,0,5
2068,0,0,4.0,4.0,6.0,5.0,6.0,7.0,6.0,0,5
2069,0,0,3.0,3.0,7.0,7.0,7.0,7.0,7.0,0,5
2070,1,0,3.0,3.0,4.0,3.0,5.0,6.0,5.0,0,5
2071,1,0,4.0,4.0,4.0,4.0,5.0,6.0,5.0,0,5
2072,1,0,4.0,4.0,4.0,4.0,4.0,5.0,6.0,0,5
2073,1,0,4.0,4.0,5.0,6.0,6.0,7.0,6.0,0,5
2074,1,0,3.0,3.0,0.0,0.0,4.0,5.0,4.0,0,5
2075,1,0,3.0,3.0,4.0,5.0,4.0,3.0,0.0,0,5
2076,1,0,3.0,3.0,3.0,4.0,4.0,3.0,4.0,0,5
2077,1,0,4.0,4.0,0.0,0.0,0.0,3.0,0.0,9,5
2078,1,0,3.0,3.0,5.0,4.0,5.0,5.0,5.0,9,5
2079,0,0,4.0,4.0,4.0,5.0,5.0,5.0,6.0,0,5
2080,1,0,3.0,3.0,5.0,5.0,4.0,5.0,5.0,0,5
2081,1,0,3.0,3.0,4.0,4.0,5.0,5.0,5.0,0,5
2082,1,0,4.0,4.0,5.0,5.0,5.0,5.0,5.0,0,5
2083,1,0,3.0,3.0,0.0,0.0,3.0,4.0,3.0,0,5
2084,1,0,4.0,4.0,3.0,3.0,3.0,5.0,6.0,0,5
2085,1,0,3.0,3.0,3.0,3.0,3.0,3.0,0.0,0,5
2086,0,0,3.0,3.0,3.0,3.0,4.0,4.0,6.0,0,5
2087,1,0,4.0,4.0,6.0,6.0,5.0,6.0,6.0,0,5
2089,1,0,3.0,3.0,3.0,4.0,4.0,3.0,4.0,14,0
2090,1,0,3.0,3.0,4.0,5.0,6.0,6.0,7.0,14,0
2091,1,0,4.0,4.0,5.0,5.0,7.0,7.0,7.0,13,0
2093,1,0,4.0,4.0,3.0,4.0,5.0,6.0,7.0,11,0
2094,0,0,4.0,4.0,5.0,4.0,5.0,5.0,6.0,14,0
2095,1,0,3.0,3.0,3.0,4.0,4.0,4.0,6.0,14,9
2096,1,0,3.0,3.0,4.0,4.0,6.0,6.0,7.0,14,0
2098,0,1,3.0,3.0,6.0,6.0,7.0,7.0,7.0,14,0
2100,1,0,4.0,4.0,5.0,5.0,7.0,7.0,6.0,14,0
2101,0,0,4.0,4.0,6.0,6.0,7.0,7.0,7.0,14,0
2102,1,0,4.0,4.0,7.0,7.0,7.0,7.0,7.0,14,0
2103,0,1,3.0,3.0,4.0,4.0,4.0,4.0,3.0,14,0
2104,1,0,3.0,3.0,4.0,4.0,4.0,3.0,5.0,14,0
2105,1,0,3.0,3.0,6.0,7.0,7.0,7.0,7.0,14,9
2106,1,0,4.0,4.0,6.0,6.0,7.0,7.0,7.0,13,0
2109,0,0,4.0,4.0,3.0,4.0,4.0,5.0,6.0,14,0
2110,0,0,4.0,4.0,5.0,6.0,5.0,5.0,7.0,14,0
2111,1,0,4.0,4.0,5.0,4.0,6.0,6.0,7.0,14,0
2112,0,0,4.0,4.0,3.0,4.0,5.0,6.0,6.0,14,0
2113,1,0,3.0,3.0,4.0,5.0,5.0,5.0,7.0,14,0
2116,1,0,4.0,4.0,6.0,6.0,6.0,6.0,6.0,14,0
2117,0,0,4.0,4.0,3.0,4.0,4.0,5.0,6.0,13,0
2118,0,0,4.0,4.0,5.0,5.0,6.0,6.0,7.0,14,0
2119,0,0,3.0,3.0,3.0,4.0,4.0,4.0,6.0,14,0
2120,1,0,3.0,3.0,4.0,4.0,4.0,5.0,6.0,14,0
2121,1,0,4.0,4.0,4.0,5.0,5.0,6.0,6.0,14,0
2122,0,0,4.0,4.0,5.0,6.0,7.0,7.0,7.0,10,11
2123,1,0,3.0,3.0,4.0,5.0,6.0,5.0,7.0,14,0
2124,0,0,3.0,3.0,4.0,5.0,4.0,4.0,4.0,14,0
2125,1,1,3.0,3.0,4.0,4.0,4.0,5.0,7.0,14,0
2126,1,0,3.0,3.0,4.0,4.0,5.0,5.0,6.0,14,0
2128,1,0,4.0,4.0,6.0,6.0,6.0,7.0,7.0,14,0
2131,0,0,4.0,4.0,6.0,6.0,7.0,7.0,7.0,14,0
2132,1,0,3.0,3.0,3.0,4.0,5.0,3.0,5.0,14,0
2133,1,0,3.0,3.0,3.0,4.0,4.0,4.0,4.0,11,0
2135,1,0,3.0,3.0,5.0,5.0,6.0,7.0,7.0,14,0
2136,0,1,3.0,3.0,3.0,4.0,3.0,4.0,6.0,14,0
2137,0,0,3.0,3.0,4.0,5.0,5.0,6.0,7.0,13,0
2138,0,0,4.0,4.0,4.0,5.0,6.0,6.0,6.0,14,0
2139,1,0,4.0,4.0,5.0,6.0,5.0,6.0,6.0,14,0
2140,0,0,4.0,4.0,4.0,3.0,3.0,4.0,5.0,14,0
2141,1,0,3.0,3.0,6.0,6.0,5.0,6.0,6.0,14,0
2142,0,0,3.0,3.0,4.0,5.0,4.0,6.0,6.0,14,0
2143,0,0,4.0,4.0,4.0,3.0,4.0,5.0,5.0,14,0
2144,1,1,4.0,4.0,5.0,4.0,5.0,4.0,6.0,13,0
2145,1,0,4.0,4.0,6.0,6.0,7.0,7.0,7.0,14,0
2146,1,0,4.0,4.0,6.0,6.0,7.0,7.0,7.0,14,0
2147,0,0,3.0,3.0,3.0,4.0,3.0,4.0,5.0,14,0
2148,1,0,4.0,4.0,6.0,6.0,7.0,7.0,7.0,14,0
2149,1,0,3.0,3.0,3.0,4.0,3.0,3.0,4.0,14,0
2150,0,0,3.0,3.0,5.0,5.0,4.0,5.0,6.0,13,0
2152,1,0,4.0,4.0,6.0,5.0,6.0,6.0,7.0,14,0
2153,1,1,3.0,3.0,4.0,3.0,5.0,5.0,6.0,14,0
2154,1,0,4.0,4.0,6.0,6.0,7.0,7.0,7.0,13,11
2155,1,0,3.0,3.0,4.0,4.0,5.0,6.0,7.0,14,0
2157,1,0,4.0,4.0,6.0,6.0,7.0,7.0,7.0,14,11
2159,1,0,3.0,3.0,6.0,5.0,7.0,7.0,7.0,14,0
2160,1,0,3.0,3.0,4.0,4.0,3.0,3.0,4.0,14,0
2161,0,0,4.0,4.0,4.0,3.0,5.0,5.0,6.0,14,9
2163,0,0,4.0,4.0,7.0,5.0,6.0,6.0,7.0,14,0
2164,1,0,4.0,4.0,6.0,7.0,5.0,7.0,7.0,14,0
2165,1,0,4.0,4.0,6.0,6.0,7.0,7.0,7.0,14,0
2166,1,0,3.0,3.0,5.0,3.0,5.0,5.0,5.0,14,9
2167,1,0,3.0,3.0,4.0,5.0,5.0,3.0,3.0,14,3
2168,0,0,4.0,4.0,4.0,4.0,6.0,5.0,5.0,14,0
2169,1,0,4.0,4.0,4.0,5.0,5.0,6.0,6.0,14,0
2170,0,0,3.0,3.0,3.0,3.0,4.0,4.0,5.0,14,9
2171,0,0,4.0,4.0,6.0,5.0,6.0,7.0,6.0,13,0
2173,0,0,4.0,4.0,7.0,6.0,7.0,7.0,7.0,13,0
2175,0,0,3.0,3.0,4.0,5.0,6.0,5.0,7.0,14,9
2177,0,0,3.0,3.0,4.0,5.0,6.0,5.0,6.0,14,9
2178,0,0,3.0,3.0,3.0,4.0,4.0,4.0,4.0,13,0
2182,1,0,4.0,4.0,4.0,4.0,5.0,5.0,6.0,14,0
2185,0,0,4.0,4.0,7.0,7.0,7.0,7.0,7.0,14,3
2186,1,0,3.0,3.0,4.0,5.0,6.0,6.0,5.0,14,0
2187,1,1,3.0,3.0,3.0,3.0,5.0,5.0,6.0,14,0
2189,1,0,4.0,4.0,4.0,5.0,5.0,6.0,6.0,14,0
2192,1,0,3.0,3.0,5.0,5.0,6.0,6.0,7.0,14,9
2196,1,0,4.0,4.0,4.0,4.0,5.0,4.0,5.0,14,0
2199,1,0,4.0,4.0,4.0,6.0,7.0,7.0,7.0,14,0
2200,1,0,3.0,3.0,5.0,4.0,6.0,7.0,7.0,14,0
2201,0,0,4.0,4.0,4.0,3.0,5.0,5.0,5.0,14,9
2202,1,0,4.0,4.0,4.0,5.0,4.0,5.0,5.0,14,9
2203,1,0,3.0,3.0,5.0,4.0,5.0,7.0,7.0,14,0
2205,0,0,4.0,4.0,7.0,6.0,7.0,7.0,7.0,14,5
2206,1,0,4.0,4.0,7.0,5.0,6.0,7.0,7.0,14,5
2207,1,0,4.0,4.0,7.0,7.0,7.0,7.0,7.0,14,0
2208,1,0,4.0,4.0,7.0,7.0,7.0,7.0,7.0,14,0
2209,1,0,4.0,4.0,6.0,5.0,6.0,6.0,6.0,14,0
2210,1,0,4.0,4.0,5.0,5.0,6.0,7.0,6.0,14,0
2211,0,0,4.0,4.0,5.0,6.0,7.0,7.0,7.0,14,0
2212,1,0,4.0,4.0,4.0,4.0,5.0,5.0,5.0,14,0
2213,1,0,4.0,4.0,5.0,5.0,7.0,7.0,7.0,14,0
2214,0,0,4.0,4.0,6.0,4.0,7.0,7.0,6.0,14,5
2215,0,0,3.0,3.0,4.0,5.0,5.0,6.0,6.0,14,0
2218,0,0,4.0,4.0,5.0,5.0,6.0,7.0,7.0,13,0
2219,1,0,4.0,4.0,5.0,6.0,6.0,7.0,7.0,14,0
2220,1,0,3.0,3.0,4.0,5.0,6.0,6.0,6.0,14,0
2221,1,0,4.0,4.0,3.0,4.0,4.0,5.0,5.0,14,0
2222,0,0,3.0,3.0,4.0,5.0,5.0,5.0,6.0,14,5
2225,1,0,3.0,3.0,5.0,4.0,5.0,6.0,6.0,14,0
2227,1,0,4.0,4.0,6.0,5.0,7.0,7.0,7.0,14,0
2228,0,0,3.0,3.0,4.0,4.0,5.0,5.0,6.0,14,9
2230,0,0,4.0,4.0,3.0,4.0,5.0,5.0,5.0,14,1
2231,0,0,4.0,4.0,5.0,3.0,4.0,6.0,6.0,14,1
2232,1,0,4.0,4.0,4.0,4.0,5.0,5.0,6.0,14,0
2233,1,0,4.0,4.0,6.0,5.0,7.0,7.0,7.0,14,5
2234,0,0,4.0,4.0,5.0,6.0,5.0,5.0,5.0,14,0
2236,1,1,3.0,3.0,4.0,5.0,5.0,5.0,6.0,14,0
2238,0,0,3.0,3.0,4.0,5.0,6.0,6.0,7.0,14,0
2239,0,0,4.0,4.0,5.0,6.0,7.0,7.0,7.0,14,0
2240,0,0,4.0,4.0,5.0,5.0,5.0,7.0,7.0,14,0
2241,1,0,3.0,3.0,4.0,5.0,3.0,3.0,5.0,14,0
2242,1,0,3.0,3.0,4.0,5.0,5.0,6.0,7.0,11,0
2243,0,0,4.0,4.0,4.0,4.0,5.0,5.0,7.0,14,0
2244,1,0,3.0,3.0,4.0,4.0,4.0,5.0,6.0,13,0
2245,0,0,4.0,4.0,6.0,6.0,7.0,7.0,7.0,14,11
2246,1,0,3.0,3.0,6.0,5.0,6.0,6.0,7.0,14,8
2247,1,0,3.0,3.0,4.0,5.0,5.0,4.0,6.0,11,0
2249,0,0,4.0,4.0,5.0,5.0,6.0,7.0,7.0,14,0
2250,1,0,3.0,3.0,4.0,5.0,5.0,6.0,7.0,14,0
2251,1,0,4.0,4.0,5.0,5.0,6.0,7.0,7.0,14,0
2252,1,0,3.0,3.0,4.0,5.0,3.0,5.0,6.0,14,0
2253,1,0,4.0,4.0,3.0,4.0,3.0,4.0,4.0,13,0
2254,1,0,4.0,4.0,6.0,5.0,7.0,5.0,7.0,14,0
2255,1,0,4.0,4.0,5.0,5.0,6.0,5.0,7.0,14,0
2256,1,0,3.0,3.0,5.0,5.0,7.0,7.0,7.0,14,0
2257,0,0,4.0,4.0,7.0,7.0,7.0,7.0,7.0,14,0
2259,0,0,3.0,3.0,4.0,4.0,4.0,5.0,6.0,14,0
2260,1,0,3.0,3.0,3.0,4.0,4.0,3.0,4.0,14,0
2261,0,0,3.0,3.0,4.0,5.0,6.0,6.0,7.0,14,0
2262,1,0,4.0,4.0,5.0,5.0,5.0,5.0,7.0,14,0
2263,0,0,4.0,4.0,7.0,6.0,5.0,7.0,7.0,14,0
2264,0,0,4.0,4.0,5.0,5.0,6.0,6.0,7.0,14,0
2265,1,0,4.0,4.0,5.0,5.0,5.0,5.0,7.0,14,0
2266,0,0,3.0,3.0,3.0,4.0,3.0,3.0,5.0,14,0
2267,1,0,3.0,3.0,4.0,4.0,4.0,4.0,4.0,14,0
2268,1,0,3.0,3.0,4.0,5.0,6.0,5.0,4.0,14,0
2270,1,0,3.0,3.0,3.0,3.0,3.0,3.0,4.0,11,0
2271,1,0,4.0,4.0,5.0,5.0,4.0,5.0,6.0,14,0
2272,1,0,4.0,4.0,5.0,5.0,5.0,4.0,7.0,14,0
2274,0,0,3.0,3.0,5.0,5.0,5.0,5.0,7.0,14,0
2275,0,0,3.0,3.0,3.0,4.0,4.0,4.0,5.0,14,0
2276,0,0,4.0,4.0,4.0,5.0,3.0,5.0,6.0,14,0
2277,1,0,3.0,3.0,6.0,6.0,5.0,7.0,7.0,14,0
2278,1,0,4.0,4.0,6.0,6.0,6.0,7.0,7.0,14,11
2279,1,0,3.0,3.0,4.0,5.0,4.0,4.0,5.0,14,0
2280,1,0,3.0,3.0,4.0,4.0,3.0,3.0,4.0,14,0
2282,1,0,3.0,3.0,4.0,4.0,4.0,5.0,6.0,14,0
2283,0,0,4.0,4.0,6.0,6.0,6.0,6.0,7.0,13,0
2286,0,1,3.0,3.0,3.0,3.0,2.0,5.0,6.0,14,0
2288,1,0,4.0,4.0,4.0,4.0,4.0,3.0,4.0,14,0
2290,1,0,4.0,4.0,6.0,6.0,6.0,6.0,7.0,14,0
2291,1,0,3.0,3.0,3.0,4.0,3.0,4.0,6.0,14,9
2294,1,0,4.0,4.0,4.0,5.0,6.0,7.0,7.0,14,4
2295,1,1,3.0,3.0,2.0,3.0,3.0,3.0,5.0,14,0
2297,0,0,3.0,3.0,6.0,5.0,6.0,6.0,6.0,14,0
2298,1,0,4.0,4.0,4.0,4.0,4.0,6.0,7.0,14,0
2299,1,0,3.0,3.0,3.0,3.0,2.0,5.0,3.0,14,0
2300,1,0,4.0,4.0,5.0,6.0,6.0,6.0,7.0,14,0
2301,1,0,3.0,3.0,6.0,6.0,7.0,7.0,7.0,14,0
2302,0,1,4.0,4.0,3.0,3.0,3.0,3.0,4.0,14,9
2303,1,0,3.0,3.0,4.0,5.0,6.0,5.0,6.0,14,0
2304,1,0,4.0,4.0,4.0,5.0,5.0,5.0,7.0,14,0
2305,0,0,3.0,3.0,4.0,5.0,6.0,6.0,6.0,14,0
2306,0,0,4.0,4.0,5.0,5.0,5.0,7.0,7.0,14,0
2307,1,0,3.0,3.0,3.0,3.0,4.0,5.0,6.0,13,2
2308,1,0,3.0,3.0,5.0,5.0,5.0,6.0,7.0,14,0
2309,1,2,3.0,3.0,4.0,4.0,5.0,3.0,6.0,14,9
2310,0,0,4.0,4.0,5.0,5.0,6.0,6.0,7.0,14,0
2311,1,0,4.0,4.0,4.0,5.0,6.0,5.0,6.0,14,9
2314,0,0,4.0,4.0,7.0,6.0,7.0,7.0,7.0,14,0
2315,1,0,3.0,3.0,3.0,3.0,5.0,5.0,6.0,14,9
2316,1,0,4.0,4.0,6.0,5.0,6.0,7.0,7.0,14,0
2318,0,0,3.0,3.0,3.0,4.0,3.0,5.0,6.0,14,9
2319,0,0,4.0,4.0,5.0,4.0,5.0,6.0,6.0,13,0
2320,1,0,4.0,4.0,4.0,4.0,3.0,3.0,4.0,14,9
2321,1,0,4.0,4.0,7.0,6.0,6.0,6.0,5.0,14,0
2323,1,0,3.0,3.0,3.0,3.0,3.0,4.0,5.0,14,0
2325,0,0,4.0,4.0,7.0,6.0,7.0,7.0,6.0,14,0
2328,0,0,4.0,4.0,5.0,4.0,5.0,4.0,5.0,13,0
2330,0,0,3.0,3.0,5.0,4.0,7.0,7.0,6.0,14,9
2331,0,0,3.0,3.0,4.0,5.0,4.0,5.0,6.0,13,0
2332,1,0,3.0,3.0,5.0,5.0,6.0,7.0,7.0,14,0
2333,1,0,3.0,3.0,3.0,4.0,5.0,4.0,4.0,14,9
2334,1,0,4.0,4.0,5.0,5.0,5.0,7.0,7.0,14,0
2335,0,0,4.0,4.0,6.0,6.0,7.0,7.0,7.0,14,0
2336,1,0,3.0,3.0,4.0,5.0,5.0,4.0,5.0,14,9
2339,1,0,4.0,4.0,5.0,5.0,6.0,7.0,7.0,14,0
2342,1,0,3.0,3.0,4.0,5.0,5.0,6.0,7.0,14,0
2343,1,0,3.0,3.0,2.0,3.0,3.0,3.0,4.0,14,9
2344,1,0,3.0,3.0,6.0,6.0,6.0,6.0,4.0,14,0
2346,1,0,4.0,4.0,4.0,5.0,4.0,5.0,6.0,14,9
2347,1,0,4.0,4.0,4.0,5.0,5.0,7.0,6.0,14,0
2348,1,0,3.0,3.0,5.0,5.0,5.0,5.0,6.0,14,0
2349,0,0,4.0,4.0,4.0,5.0,5.0,5.0,6.0,14,0
2350,1,0,3.0,3.0,4.0,4.0,3.0,4.0,6.0,14,0
2351,0,0,4.0,4.0,6.0,5.0,7.0,7.0,7.0,14,0
2353,0,0,4.0,4.0,5.0,6.0,6.0,7.0,7.0,14,0
2354,1,0,3.0,3.0,4.0,5.0,5.0,6.0,7.0,14,0
2355,0,0,4.0,4.0,4.0,4.0,3.0,4.0,7.0,14,0
2356,1,0,3.0,3.0,7.0,6.0,6.0,7.0,7.0,13,0
2357,1,0,3.0,3.0,4.0,4.0,5.0,5.0,6.0,14,0
2358,1,0,4.0,4.0,4.0,5.0,5.0,5.0,6.0,14,0
2360,0,0,4.0,4.0,5.0,6.0,7.0,7.0,7.0,14,0
2361,1,0,3.0,3.0,5.0,5.0,6.0,7.0,7.0,14,9
2362,0,0,4.0,4.0,4.0,5.0,5.0,6.0,7.0,11,0
2363,0,0,3.0,3.0,4.0,5.0,5.0,6.0,6.0,14,9
2364,1,0,4.0,4.0,7.0,7.0,7.0,7.0,7.0,14,0
2365,0,0,4.0,4.0,5.0,6.0,6.0,7.0,7.0,14,0
2366,0,0,4.0,4.0,4.0,5.0,6.0,5.0,6.0,14,0
2367,1,0,4.0,4.0,6.0,5.0,5.0,6.0,6.0,14,8
2368,0,0,3.0,3.0,6.0,5.0,6.0,7.0,7.0,14,11
2369,0,0,4.0,4.0,6.0,5.0,6.0,7.0,7.0,14,0
2371,0,0,3.0,3.0,7.0,6.0,6.0,7.0,7.0,14,0
2375,0,0,4.0,4.0,6.0,7.0,7.0,7.0,7.0,13,0
2376,1,0,3.0,3.0,5.0,5.0,6.0,6.0,6.0,13,0
2377,1,0,4.0,4.0,5.0,4.0,5.0,5.0,5.0,14,0
2378,1,0,4.0,4.0,6.0,5.0,7.0,7.0,7.0,14,0
2382,0,0,3.0,3.0,4.0,5.0,5.0,6.0,7.0,14,9
2383,1,0,3.0,3.0,5.0,4.0,5.0,6.0,6.0,14,9
2384,1,0,4.0,4.0,6.0,6.0,7.0,7.0,7.0,14,0
2385,1,0,4.0,4.0,5.0,6.0,6.0,7.0,7.0,13,0
2386,0,0,3.0,3.0,5.0,6.0,7.0,6.0,6.0,14,9
2450,0,0,4.0,4.0,6.0,7.0,7.0,7.0,7.0,7,5
2451,1,0,3.0,3.0,4.0,6.0,5.0,6.0,5.0,7,5
2452,1,0,4.0,4.0,5.0,6.0,5.0,5.0,5.0,7,5
2454,1,0,4.0,4.0,6.0,7.0,6.0,6.0,5.0,7,5
2455,0,0,3.0,3.0,4.0,5.0,4.0,7.0,5.0,7,5
2457,0,0,4.0,4.0,7.0,6.0,6.0,7.0,7.0,7,5
2460,1,0,3.0,3.0,6.0,6.0,7.0,7.0,6.0,7,5
2461,1,0,4.0,4.0,5.0,5.0,4.0,5.0,6.0,7,5
2462,0,0,4.0,4.0,3.0,3.0,3.0,3.0,6.0,7,5
2463,0,0,4.0,4.0,6.0,7.0,6.0,7.0,7.0,7,5
2464,0,0,4.0,4.0,7.0,7.0,6.0,5.0,6.0,7,5
2465,1,0,3.0,3.0,4.0,5.0,5.0,5.0,5.0,7,5
2466,1,0,4.0,4.0,6.0,7.0,7.0,7.0,7.0,7,5
2467,1,0,4.0,4.0,7.0,7.0,7.0,7.0,7.0,7,5
2468,1,0,3.0,3.0,4.0,5.0,3.0,5.0,5.0,7,5
2469,0,0,4.0,4.0,7.0,7.0,7.0,7.0,6.0,7,5
2471,1,0,4.0,4.0,5.0,6.0,7.0,7.0,6.0,7,5
2472,0,0,4.0,4.0,6.0,7.0,7.0,7.0,7.0,7,5
2473,1,0,3.0,3.0,4.0,4.0,3.0,4.0,5.0,7,5
2474,0,0,4.0,4.0,6.0,7.0,6.0,7.0,6.0,7,5
2475,0,0,4.0,4.0,7.0,6.0,6.0,7.0,6.0,7,5
2476,1,0,4.0,4.0,7.0,6.0,6.0,5.0,5.0,7,5
2477,0,0,4.0,4.0,5.0,7.0,6.0,6.0,6.0,7,5
2478,0,0,4.0,4.0,6.0,6.0,7.0,7.0,7.0,7,5
2480,1,0,3.0,3.0,5.0,5.0,5.0,6.0,5.0,7,5
2481,1,0,3.0,3.0,3.0,4.0,4.0,4.0,4.0,7,5
2482,0,0,4.0,4.0,6.0,6.0,5.0,6.0,5.0,7,5
2483,0,0,3.0,3.0,3.0,4.0,4.0,5.0,6.0,7,5
2484,1,0,4.0,4.0,5.0,6.0,6.0,6.0,7.0,7,5
2486,0,0,3.0,3.0,5.0,6.0,6.0,7.0,6.0,7,5
2487,1,0,3.0,3.0,4.0,3.0,3.0,4.0,3.0,7,5
2489,0,0,4.0,4.0,6.0,7.0,7.0,7.0,6.0,7,5
2490,0,0,4.0,4.0,7.0,7.0,7.0,7.0,7.0,7,5
2491,1,0,4.0,4.0,5.0,6.0,5.0,6.0,5.0,7,5
2492,1,0,3.0,3.0,5.0,6.0,5.0,6.0,6.0,7,5
2493,1,0,3.0,3.0,3.0,5.0,4.0,5.0,5.0,7,5
2495,1,0,3.0,3.0,6.0,6.0,7.0,6.0,6.0,7,5
2496,0,0,3.0,3.0,3.0,5.0,4.0,6.0,6.0,7,5
2497,1,0,3.0,3.0,3.0,5.0,4.0,5.0,4.0,7,5
2498,0,0,3.0,3.0,3.0,3.0,3.0,3.0,4.0,7,5
2499,0,0,4.0,4.0,6.0,7.0,7.0,7.0,6.0,7,5
2500,0,0,4.0,4.0,6.0,7.0,7.0,7.0,5.0,7,5
2501,1,0,4.0,4.0,6.0,5.0,6.0,6.0,5.0,7,5
2502,1,0,4.0,4.0,5.0,6.0,6.0,6.0,5.0,7,5
2503,1,0,4.0,4.0,6.0,7.0,6.0,6.0,6.0,7,5
2504,0,0,4.0,4.0,7.0,6.0,5.0,5.0,5.0,7,5
2505,1,0,4.0,4.0,5.0,6.0,5.0,7.0,6.0,7,5
2506,1,0,3.0,3.0,4.0,4.0,5.0,5.0,5.0,7,5
2507,1,0,4.0,4.0,4.0,4.0,5.0,5.0,6.0,7,5
2508,1,0,4.0,4.0,6.0,6.0,5.0,6.0,5.0,7,5
2509,0,0,3.0,3.0,6.0,7.0,6.0,6.0,6.0,7,5
2511,1,0,4.0,4.0,5.0,5.0,5.0,5.0,5.0,7,5
2512,0,0,4.0,4.0,6.0,6.0,6.0,7.0,7.0,7,5
2513,1,0,4.0,4.0,5.0,5.0,5.0,6.0,6.0,7,5
2514,1,0,4.0,4.0,7.0,7.0,6.0,6.0,6.0,7,5
2515,1,0,4.0,4.0,4.0,6.0,6.0,5.0,6.0,7,5
2516,1,0,4.0,4.0,6.0,7.0,5.0,6.0,6.0,7,5
2517,0,0,4.0,4.0,7.0,7.0,7.0,7.0,6.0,7,5
2518,1,0,4.0,4.0,6.0,7.0,6.0,7.0,7.0,7,5
2519,1,0,3.0,3.0,5.0,5.0,5.0,5.0,5.0,7,5
2520,1,0,4.0,4.0,6.0,6.0,6.0,6.0,5.0,7,5
2521,1,0,4.0,4.0,3.0,3.0,3.0,3.0,4.0,7,5
2522,0,0,4.0,4.0,3.0,5.0,5.0,5.0,5.0,7,5
2523,0,0,4.0,4.0,5.0,5.0,5.0,5.0,5.0,7,5
2524,1,0,3.0,3.0,3.0,4.0,3.0,3.0,5.0,7,5
2525,0,0,3.0,3.0,4.0,4.0,4.0,5.0,5.0,7,5
2526,1,0,4.0,4.0,5.0,5.0,5.0,5.0,4.0,7,5
2527,1,0,3.0,3.0,4.0,6.0,4.0,5.0,5.0,7,5
2528,1,0,3.0,3.0,3.0,3.0,3.0,3.0,4.0,7,5
2529,0,0,4.0,4.0,6.0,6.0,6.0,7.0,7.0,7,5
2530,0,0,4.0,4.0,3.0,4.0,4.0,5.0,5.0,7,5
2531,1,0,4.0,4.0,6.0,6.0,6.0,5.0,5.0,7,5
2532,1,0,4.0,4.0,4.0,4.0,5.0,6.0,5.0,7,5
2533,0,0,4.0,4.0,5.0,6.0,7.0,7.0,7.0,7,5
2536,1,0,4.0,4.0,6.0,5.0,5.0,5.0,5.0,7,5
2537,0,0,4.0,4.0,4.0,5.0,4.0,5.0,5.0,7,5
2538,0,0,3.0,3.0,5.0,5.0,5.0,6.0,5.0,7,5
2539,0,0,4.0,4.0,5.0,5.0,6.0,6.0,6.0,7,5
2540,0,0,4.0,4.0,5.0,5.0,5.0,5.0,5.0,7,5
2541,0,0,4.0,4.0,7.0,7.0,7.0,7.0,7.0,7,5
2542,1,0,4.0,4.0,6.0,6.0,6.0,6.0,5.0,7,5
2543,1,0,4.0,4.0,5.0,5.0,5.0,5.0,6.0,7,5
2545,1,0,4.0,4.0,5.0,6.0,6.0,6.0,6.0,7,5
2546,0,0,3.0,3.0,4.0,4.0,4.0,5.0,5.0,7,5
2547,1,0,3.0,3.0,4.0,5.0,5.0,5.0,5.0,7,5
2548,0,0,4.0,4.0,7.0,7.0,7.0,7.0,7.0,7,5
2549,1,0,4.0,4.0,7.0,7.0,7.0,7.0,7.0,7,5
2550,1,0,4.0,4.0,7.0,7.0,7.0,7.0,6.0,7,5
2552,0,0,4.0,4.0,7.0,7.0,6.0,7.0,7.0,7,5
2554,0,0,4.0,4.0,6.0,7.0,7.0,7.0,7.0,7,5
2555,1,0,4.0,4.0,5.0,6.0,5.0,6.0,6.0,7,5
2556,1,0,4.0,4.0,6.0,7.0,6.0,6.0,6.0,7,5
2557,0,0,3.0,3.0,5.0,6.0,5.0,5.0,6.0,7,5
2558,1,0,4.0,4.0,5.0,6.0,6.0,7.0,6.0,7,5
2559,0,0,4.0,4.0,6.0,6.0,6.0,7.0,7.0,7,5
2560,0,0,3.0,3.0,3.0,4.0,4.0,4.0,5.0,7,5
2561,0,0,4.0,4.0,7.0,6.0,6.0,7.0,7.0,7,5
2563,1,0,3.0,3.0,4.0,5.0,5.0,4.0,5.0,7,5
2564,1,0,4.0,4.0,4.0,4.0,4.0,3.0,4.0,7,5
2565,1,0,3.0,3.0,5.0,6.0,5.0,6.0,5.0,7,5
2566,1,0,3.0,3.0,4.0,5.0,5.0,5.0,5.0,7,5
2567,1,0,4.0,4.0,6.0,6.0,5.0,6.0,6.0,7,5
2568,1,0,4.0,4.0,3.0,4.0,5.0,5.0,5.0,7,5
2569,0,0,4.0,4.0,4.0,5.0,3.0,4.0,4.0,7,5
2570,0,0,4.0,4.0,6.0,6.0,6.0,7.0,6.0,7,5
2571,1,0,4.0,4.0,5.0,7.0,6.0,7.0,6.0,7,5
2572,1,0,4.0,4.0,5.0,5.0,6.0,5.0,6.0,7,5
2573,1,0,4.0,4.0,6.0,6.0,5.0,6.0,5.0,7,5
2575,1,0,4.0,4.0,3.0,5.0,5.0,5.0,5.0,7,5
2576,0,0,4.0,4.0,6.0,5.0,7.0,7.0,6.0,7,5
2577,1,0,3.0,3.0,3.0,4.0,3.0,3.0,5.0,7,5
2578,0,0,4.0,4.0,4.0,6.0,4.0,4.0,5.0,7,5
2581,0,0,4.0,4.0,4.0,5.0,4.0,5.0,5.0,7,5
2582,0,0,4.0,4.0,6.0,7.0,7.0,7.0,7.0,7,5
2583,0,0,3.0,3.0,4.0,4.0,4.0,4.0,6.0,7,5
2584,1,0,4.0,4.0,4.0,5.0,4.0,4.0,5.0,7,5
2585,0,0,4.0,4.0,6.0,6.0,7.0,7.0,7.0,7,5
2586,0,0,4.0,4.0,5.0,5.0,6.0,6.0,6.0,7,5
2588,0,0,4.0,4.0,4.0,5.0,6.0,7.0,6.0,7,5
2589,1,0,3.0,3.0,4.0,3.0,3.0,4.0,4.0,7,5
2590,1,0,3.0,3.0,4.0,5.0,4.0,5.0,5.0,7,5
2591,1,0,3.0,3.0,6.0,6.0,7.0,7.0,6.0,7,5
2594,1,0,3.0,3.0,3.0,4.0,3.0,4.0,5.0,7,5
2595,1,0,3.0,3.0,4.0,4.0,3.0,3.0,3.0,7,5
2596,1,0,3.0,3.0,4.0,4.0,5.0,5.0,4.0,7,5
2597,0,0,3.0,3.0,6.0,6.0,6.0,7.0,6.0,7,5
2598,1,0,4.0,4.0,5.0,5.0,6.0,7.0,6.0,7,5
2599,1,0,3.0,3.0,3.0,3.0,4.0,4.0,3.0,7,5
2602,1,0,3.0,3.0,5.0,4.0,4.0,5.0,5.0,7,5
2603,1,0,3.0,3.0,4.0,5.0,4.0,4.0,5.0,7,5
2604,1,0,3.0,3.0,4.0,4.0,4.0,4.0,4.0,7,5
2605,0,0,4.0,4.0,7.0,7.0,7.0,7.0,7.0,7,5
2606,0,0,4.0,4.0,7.0,7.0,7.0,7.0,7.0,7,5
2607,0,0,3.0,3.0,4.0,4.0,4.0,5.0,5.0,7,5
2608,1,0,3.0,3.0,6.0,6.0,5.0,5.0,5.0,7,5
2609,0,0,4.0,4.0,6.0,6.0,4.0,6.0,7.0,7,5
2610,0,0,4.0,4.0,5.0,5.0,5.0,6.0,6.0,7,5
2612,0,0,4.0,4.0,5.0,5.0,4.0,5.0,5.0,7,5
2613,1,0,4.0,4.0,3.0,4.0,4.0,4.0,5.0,7,5
2614,1,0,4.0,4.0,5.0,5.0,6.0,6.0,6.0,7,5
2616,1,0,3.0,3.0,4.0,4.0,4.0,5.0,5.0,7,5
2617,0,0,3.0,3.0,4.0,5.0,4.0,5.0,5.0,7,5
2618,1,0,4.0,4.0,3.0,4.0,4.0,5.0,6.0,7,5
2619,0,0,4.0,4.0,4.0,4.0,4.0,5.0,6.0,7,5
2620,1,0,3.0,3.0,4.0,4.0,4.0,6.0,5.0,7,5
2621,0,0,4.0,4.0,4.0,4.0,4.0,4.0,4.0,7,5
2622,1,0,3.0,3.0,4.0,4.0,3.0,4.0,5.0,7,5
2623,1,0,4.0,4.0,2.0,3.0,3.0,3.0,6.0,7,5
2624,1,0,4.0,4.0,4.0,3.0,3.0,4.0,5.0,7,5
2625,0,0,4.0,4.0,7.0,6.0,6.0,7.0,6.0,7,5
2626,0,0,3.0,3.0,4.0,4.0,4.0,5.0,5.0,7,5
2627,1,0,4.0,4.0,3.0,4.0,4.0,5.0,5.0,7,5
2628,1,0,3.0,3.0,3.0,4.0,4.0,6.0,6.0,7,5
2629,1,0,4.0,4.0,6.0,6.0,6.0,6.0,6.0,7,5
2631,0,0,3.0,3.0,4.0,4.0,4.0,5.0,4.0,7,5
2632,0,0,4.0,4.0,5.0,6.0,5.0,7.0,6.0,7,5
2633,1,0,4.0,4.0,4.0,5.0,3.0,4.0,5.0,7,5
2634,1,0,3.0,3.0,5.0,4.0,4.0,5.0,4.0,7,5
2637,1,0,3.0,3.0,4.0,5.0,4.0,4.0,5.0,7,5
2638,1,0,4.0,4.0,7.0,7.0,7.0,7.0,7.0,7,5
2639,1,0,4.0,4.0,6.0,5.0,5.0,6.0,6.0,7,5
2640,1,0,4.0,4.0,4.0,4.0,3.0,5.0,4.0,7,5
2642,1,0,4.0,4.0,4.0,5.0,4.0,5.0,6.0,7,5
2643,1,0,3.0,3.0,3.0,4.0,3.0,4.0,4.0,7,5
2644,1,0,3.0,3.0,3.0,3.0,5.0,5.0,6.0,7,5
2645,0,0,3.0,3.0,5.0,5.0,6.0,6.0,6.0,7,5
2646,1,0,3.0,3.0,3.0,4.0,3.0,5.0,5.0,7,5
2647,1,0,4.0,4.0,4.0,4.0,3.0,3.0,4.0,7,5
2648,1,0,4.0,4.0,5.0,6.0,5.0,7.0,6.0,7,5
2649,1,0,4.0,4.0,5.0,5.0,4.0,6.0,6.0,7,5
2650,1,0,3.0,3.0,4.0,4.0,4.0,5.0,4.0,7,5
2651,1,0,3.0,3.0,3.0,3.0,3.0,4.0,4.0,7,5
2653,0,0,4.0,4.0,4.0,4.0,5.0,6.0,7.0,7,5
2654,0,0,3.0,3.0,4.0,5.0,4.0,5.0,4.0,7,5
2655,1,0,3.0,3.0,3.0,4.0,3.0,4.0,4.0,7,5
2656,1,0,3.0,3.0,3.0,3.0,3.0,3.0,6.0,7,5
2657,1,0,4.0,4.0,7.0,7.0,7.0,7.0,7.0,7,5
2658,1,0,3.0,3.0,5.0,4.0,5.0,5.0,6.0,7,5
2659,1,0,4.0,4.0,3.0,2.0,2.0,3.0,4.0,7,5
2660,1,0,3.0,3.0,3.0,2.0,3.0,4.0,4.0,7,5
2665,1,0,3.0,3.0,4.0,4.0,5.0,5.0,5.0,7,5
2666,1,0,3.0,3.0,3.0,3.0,3.0,5.0,5.0,7,5
2667,1,0,3.0,3.0,4.0,3.0,3.0,3.0,3.0,7,5
2669,1,0,4.0,4.0,5.0,5.0,6.0,5.0,7.0,7,5
2671,0,0,3.0,3.0,4.0,5.0,3.0,5.0,5.0,7,5
2672,1,0,4.0,4.0,4.0,5.0,5.0,4.0,6.0,7,5
2673,0,0,3.0,3.0,3.0,3.0,3.0,4.0,5.0,7,5
2674,0,0,3.0,3.0,2.0,4.0,2.0,3.0,3.0,7,5
2675,1,0,4.0,4.0,7.0,6.0,6.0,7.0,6.0,7,5
2676,1,0,3.0,3.0,5.0,5.0,4.0,5.0,5.0,7,5
2677,1,0,4.0,4.0,5.0,6.0,5.0,6.0,6.0,7,5
2678,1,0,3.0,3.0,3.0,3.0,3.0,5.0,4.0,7,5
2679,0,0,4.0,4.0,6.0,6.0,5.0,6.0,6.0,7,5
2680,1,0,3.0,3.0,4.0,5.0,5.0,5.0,6.0,7,5
2681,1,0,3.0,3.0,3.0,4.0,4.0,5.0,3.0,7,5
2682,1,0,3.0,3.0,5.0,5.0,5.0,5.0,6.0,7,5
2684,1,0,4.0,4.0,3.0,4.0,4.0,3.0,4.0,7,5
2685,1,0,4.0,4.0,5.0,6.0,5.0,5.0,5.0,7,5
2686,1,0,4.0,4.0,6.0,6.0,5.0,6.0,6.0,7,5
2687,1,0,3.0,3.0,3.0,5.0,4.0,4.0,4.0,7,5
2688,1,0,3.0,3.0,3.0,3.0,4.0,4.0,4.0,7,5
2689,1,0,3.0,3.0,4.0,4.0,5.0,4.0,5.0,7,5
2690,1,0,4.0,4.0,3.0,4.0,3.0,3.0,4.0,7,5
2692,1,0,4.0,4.0,4.0,5.0,4.0,4.0,6.0,7,5
2693,0,0,4.0,4.0,5.0,5.0,5.0,5.0,5.0,7,5
2694,1,0,4.0,4.0,7.0,7.0,7.0,7.0,7.0,7,5
2696,1,0,3.0,3.0,4.0,4.0,4.0,5.0,5.0,7,5
2697,0,0,4.0,4.0,4.0,5.0,5.0,6.0,6.0,7,5
2700,1,0,4.0,4.0,6.0,7.0,4.0,7.0,6.0,7,5
2701,1,0,3.0,3.0,4.0,4.0,4.0,4.0,4.0,7,5
2702,0,0,4.0,4.0,5.0,6.0,5.0,5.0,6.0,7,5
2703,0,0,4.0,4.0,3.0,4.0,4.0,3.0,4.0,7,5
2705,1,0,3.0,3.0,3.0,3.0,3.0,3.0,3.0,7,5
2707,0,0,4.0,4.0,6.0,6.0,6.0,6.0,6.0,7,5
2709,1,0,3.0,3.0,3.0,4.0,3.0,5.0,6.0,7,5
2710,1,0,3.0,3.0,4.0,5.0,3.0,5.0,4.0,7,5
2711,1,0,3.0,3.0,6.0,6.0,5.0,5.0,6.0,7,5
2712,1,0,4.0,4.0,4.0,5.0,5.0,5.0,6.0,7,5
2715,1,0,4.0,4.0,6.0,6.0,6.0,6.0,7.0,7,5
2716,0,0,4.0,4.0,6.0,6.0,7.0,7.0,7.0,7,5
2717,1,0,3.0,3.0,4.0,5.0,4.0,4.0,5.0,7,5
2718,1,0,4.0,4.0,5.0,6.0,5.0,5.0,6.0,7,5
2719,1,0,4.0,4.0,3.0,4.0,4.0,3.0,3.0,7,5
2720,0,0,3.0,3.0,7.0,7.0,7.0,7.0,4.0,7,5
2721,1,0,3.0,3.0,3.0,4.0,4.0,5.0,4.0,7,5
2722,0,0,4.0,4.0,7.0,6.0,6.0,6.0,6.0,7,5
2723,1,0,4.0,4.0,5.0,4.0,5.0,5.0,6.0,7,5
2726,0,0,3.0,3.0,3.0,4.0,3.0,4.0,4.0,7,5
2729,0,0,3.0,3.0,3.0,4.0,4.0,4.0,5.0,7,5
2731,1,0,4.0,4.0,3.0,4.0,3.0,4.0,5.0,7,5
2734,1,0,3.0,3.0,3.0,4.0,3.0,3.0,4.0,7,5
2736,1,0,3.0,3.0,4.0,4.0,5.0,5.0,5.0,7,5
2737,1,0,4.0,4.0,4.0,5.0,4.0,5.0,5.0,7,5
2738,0,0,4.0,4.0,5.0,6.0,5.0,5.0,6.0,7,5
2740,1,0,3.0,3.0,2.0,2.0,2.0,3.0,3.0,7,5
2742,1,0,3.0,3.0,3.0,3.0,3.0,3.0,3.0,7,5
2743,1,0,3.0,3.0,3.0,3.0,4.0,4.0,5.0,7,5
2744,1,0,4.0,4.0,3.0,3.0,3.0,3.0,3.0,7,5
2745,0,0,4.0,4.0,4.0,5.0,3.0,5.0,5.0,7,5
2746,0,0,3.0,3.0,4.0,5.0,4.0,4.0,5.0,7,5
2747,1,0,4.0,4.0,5.0,6.0,5.0,6.0,6.0,7,5
2748,0,0,3.0,3.0,4.0,5.0,4.0,4.0,5.0,7,5
2749,0,0,3.0,3.0,4.0,4.0,4.0,4.0,5.0,7,5
2750,1,0,3.0,3.0,3.0,4.0,3.0,4.0,4.0,7,5
2752,0,0,4.0,4.0,6.0,6.0,6.0,6.0,5.0,7,5
2753,1,0,4.0,4.0,5.0,4.0,5.0,5.0,6.0,7,5
2754,1,0,3.0,3.0,3.0,4.0,3.0,3.0,3.0,7,5
2755,1,0,4.0,4.0,6.0,6.0,6.0,6.0,6.0,7,5
2756,1,0,3.0,3.0,5.0,5.0,5.0,5.0,5.0,7,5
2757,1,0,4.0,4.0,5.0,5.0,5.0,5.0,6.0,7,5
2759,0,0,4.0,4.0,5.0,6.0,5.0,5.0,6.0,7,5
2760,1,0,4.0,4.0,4.0,5.0,4.0,4.0,5.0,7,5
2761,1,0,3.0,3.0,5.0,5.0,5.0,5.0,6.0,7,5
2763,1,0,4.0,4.0,6.0,6.0,7.0,7.0,7.0,7,5
2765,1,0,4.0,4.0,3.0,5.0,4.0,4.0,4.0,7,5
2766,1,0,3.0,3.0,4.0,5.0,4.0,5.0,5.0,7,5
2767,1,0,3.0,3.0,3.0,4.0,3.0,3.0,4.0,7,5
2768,0,0,3.0,3.0,4.0,4.0,5.0,5.0,6.0,7,5
2769,1,0,3.0,3.0,3.0,5.0,4.0,5.0,5.0,7,5
2770,1,0,4.0,4.0,6.0,6.0,6.0,5.0,5.0,7,5
2771,1,0,3.0,3.0,4.0,5.0,4.0,3.0,3.0,7,5
2772,1,0,3.0,3.0,5.0,6.0,5.0,5.0,7.0,7,5
2774,1,0,4.0,4.0,6.0,6.0,5.0,6.0,7.0,7,5
2775,0,0,4.0,4.0,4.0,5.0,4.0,4.0,4.0,7,5
2777,1,0,3.0,3.0,3.0,4.0,4.0,4.0,4.0,7,5
2778,1,0,4.0,4.0,5.0,5.0,4.0,4.0,5.0,7,5
2779,1,0,4.0,4.0,4.0,5.0,5.0,5.0,7.0,7,5
2780,1,0,4.0,4.0,4.0,4.0,4.0,5.0,4.0,7,5
2781,1,0,4.0,4.0,6.0,5.0,5.0,5.0,6.0,7,5
2782,1,0,3.0,3.0,5.0,5.0,5.0,5.0,6.0,7,5
2783,0,0,3.0,3.0,3.0,4.0,3.0,3.0,4.0,7,5
2784,1,0,4.0,4.0,4.0,5.0,3.0,5.0,6.0,7,5
2785,0,0,4.0,4.0,5.0,7.0,5.0,7.0,7.0,7,5
2787,1,0,4.0,4.0,5.0,5.0,4.0,3.0,5.0,7,5
2788,1,0,4.0,4.0,6.0,6.0,5.0,5.0,5.0,7,5
2793,0,0,4.0,4.0,3.0,4.0,4.0,4.0,5.0,7,5
2794,0,0,4.0,4.0,4.0,5.0,5.0,6.0,6.0,7,5
2795,1,0,4.0,4.0,6.0,5.0,5.0,4.0,5.0,7,5
2796,0,0,3.0,3.0,4.0,5.0,3.0,4.0,4.0,7,5
2797,0,0,4.0,4.0,5.0,5.0,5.0,6.0,7.0,7,5
2798,1,0,3.0,3.0,3.0,4.0,4.0,4.0,4.0,7,5
2799,0,0,4.0,4.0,6.0,6.0,6.0,6.0,6.0,7,5
2802,0,0,4.0,4.0,7.0,7.0,6.0,7.0,7.0,7,5
2803,1,0,3.0,3.0,2.0,3.0,3.0,4.0,4.0,7,5
2804,0,0,4.0,4.0,5.0,6.0,5.0,5.0,6.0,7,5
2808,0,0,3.0,3.0,3.0,3.0,2.0,3.0,4.0,7,5
2809,1,0,3.0,3.0,7.0,7.0,2.0,7.0,4.0,7,5
2810,1,0,4.0,4.0,4.0,5.0,5.0,5.0,6.0,7,5
2811,1,0,3.0,3.0,3.0,4.0,4.0,4.0,4.0,7,5
2812,0,0,4.0,4.0,7.0,7.0,7.0,5.0,7.0,7,5
2814,1,0,3.0,3.0,3.0,3.0,3.0,3.0,3.0,7,5
2817,1,0,4.0,4.0,6.0,6.0,5.0,6.0,6.0,7,5
2818,1,0,3.0,3.0,7.0,6.0,6.0,6.0,7.0,7,5
2819,1,0,3.0,3.0,5.0,5.0,5.0,4.0,4.0,7,5
2820,0,0,4.0,4.0,3.0,4.0,4.0,6.0,6.0,7,5
2821,1,0,4.0,4.0,5.0,6.0,6.0,7.0,7.0,7,5
2822,1,0,4.0,4.0,7.0,7.0,7.0,7.0,7.0,7,5
2823,1,0,3.0,3.0,6.0,6.0,6.0,5.0,6.0,7,5
2824,0,0,4.0,4.0,3.0,4.0,4.0,3.0,4.0,7,5
2825,0,0,4.0,4.0,3.0,4.0,4.0,3.0,4.0,7,5
2826,0,0,4.0,4.0,4.0,5.0,5.0,4.0,5.0,7,5
2828,1,0,3.0,3.0,4.0,4.0,3.0,4.0,4.0,7,5
2829,1,0,4.0,4.0,4.0,5.0,4.0,4.0,4.0,7,5
2831,1,0,3.0,3.0,4.0,5.0,4.0,5.0,5.0,7,5
2832,1,0,4.0,4.0,5.0,4.0,4.0,4.0,6.0,7,5
2836,0,0,4.0,4.0,6.0,6.0,5.0,4.0,5.0,7,5
2837,0,0,3.0,3.0,4.0,5.0,5.0,6.0,6.0,7,5
2839,1,0,3.0,3.0,4.0,4.0,5.0,5.0,4.0,7,5
2841,1,0,3.0,3.0,5.0,5.0,6.0,5.0,5.0,7,5
2842,0,0,4.0,4.0,7.0,7.0,7.0,7.0,7.0,7,5
2843,0,0,3.0,3.0,3.0,4.0,3.0,3.0,4.0,7,5
2846,1,0,4.0,4.0,4.0,5.0,6.0,6.0,5.0,7,5
2847,1,0,4.0,4.0,7.0,6.0,6.0,6.0,6.0,7,5
2849,1,0,4.0,4.0,7.0,6.0,7.0,6.0,7.0,7,5
2852,1,0,4.0,4.0,5.0,6.0,6.0,6.0,6.0,7,5
2853,1,0,4.0,4.0,6.0,6.0,7.0,7.0,7.0,7,5
2854,1,0,3.0,3.0,3.0,3.0,4.0,3.0,6.0,7,5
2855,1,0,4.0,4.0,6.0,6.0,5.0,5.0,6.0,7,5
2856,1,0,4.0,4.0,5.0,6.0,6.0,6.0,6.0,7,5
2857,1,0,4.0,4.0,3.0,4.0,4.0,5.0,5.0,7,5
2861,1,0,3.0,3.0,4.0,4.0,4.0,3.0,3.0,7,5
2863,0,0,4.0,4.0,5.0,5.0,5.0,4.0,4.0,7,5
2864,0,0,3.0,3.0,3.0,4.0,5.0,5.0,6.0,7,5
2866,0,0,4.0,4.0,7.0,7.0,7.0,7.0,7.0,7,5
2867,1,0,4.0,4.0,5.0,5.0,5.0,5.0,5.0,7,5
2868,1,0,4.0,4.0,5.0,7.0,6.0,6.0,6.0,7,5
2869,1,0,4.0,4.0,4.0,5.0,5.0,5.0,5.0,7,5
2871,0,0,4.0,4.0,6.0,6.0,7.0,6.0,6.0,7,5
2873,1,0,4.0,4.0,4.0,5.0,5.0,5.0,6.0,7,5
2874,1,0,3.0,3.0,4.0,5.0,4.0,4.0,4.0,7,5
2875,0,0,4.0,4.0,4.0,5.0,5.0,5.0,5.0,7,5
2876,0,0,3.0,3.0,4.0,4.0,5.0,5.0,6.0,7,5
2877,0,0,4.0,4.0,7.0,6.0,6.0,5.0,5.0,7,5
2878,0,0,4.0,4.0,6.0,6.0,6.0,6.0,6.0,7,5
2880,1,0,3.0,3.0,3.0,4.0,4.0,3.0,3.0,7,5
2881,0,0,4.0,4.0,4.0,4.0,5.0,5.0,6.0,7,5
2882,0,0,3.0,3.0,3.0,4.0,4.0,4.0,4.0,7,5
2883,0,0,3.0,3.0,3.0,4.0,4.0,3.0,3.0,7,5
2884,1,0,4.0,4.0,4.0,3.0,5.0,5.0,4.0,7,5
2885,1,0,4.0,4.0,7.0,6.0,6.0,6.0,5.0,7,5
2886,1,0,4.0,4.0,6.0,5.0,5.0,5.0,5.0,7,5
2887,1,0,4.0,4.0,5.0,6.0,6.0,6.0,6.0,7,5
2888,0,0,4.0,4.0,7.0,7.0,7.0,7.0,7.0,7,5
2890,1,0,3.0,3.0,5.0,5.0,5.0,5.0,5.0,7,5
2891,1,0,4.0,4.0,7.0,6.0,6.0,6.0,5.0,7,5
2892,1,0,4.0,4.0,7.0,7.0,7.0,7.0,6.0,7,5
2893,1,0,4.0,4.0,4.0,4.0,4.0,5.0,3.0,7,5
2894,0,0,4.0,4.0,4.0,4.0,3.0,4.0,4.0,7,5
2896,1,0,3.0,3.0,5.0,5.0,5.0,6.0,5.0,7,5
2897,0,0,4.0,4.0,7.0,6.0,6.0,6.0,6.0,7,5
2898,1,0,3.0,3.0,4.0,5.0,5.0,5.0,6.0,7,5
2899,1,0,4.0,4.0,6.0,6.0,5.0,6.0,5.0,7,5
2902,0,0,4.0,4.0,7.0,7.0,6.0,7.0,7.0,7,5
2903,0,0,4.0,4.0,7.0,7.0,7.0,7.0,7.0,7,5
2904,0,0,4.0,4.0,7.0,7.0,5.0,4.0,4.0,7,5
2905,1,0,4.0,4.0,6.0,5.0,5.0,5.0,4.0,7,5
2906,0,0,3.0,3.0,4.0,4.0,5.0,5.0,5.0,7,5
2908,1,0,4.0,4.0,5.0,5.0,5.0,4.0,4.0,7,5
2909,1,0,3.0,3.0,3.0,3.0,4.0,4.0,5.0,7,5
2910,1,0,4.0,4.0,6.0,6.0,5.0,5.0,4.0,7,5
2912,1,0,4.0,4.0,6.0,6.0,6.0,5.0,5.0,7,5
2913,1,0,3.0,3.0,4.0,4.0,4.0,4.0,4.0,7,5
2914,0,0,3.0,3.0,4.0,4.0,3.0,5.0,4.0,7,5
2918,0,0,4.0,4.0,5.0,5.0,5.0,5.0,6.0,7,5
2919,1,0,4.0,4.0,3.0,4.0,3.0,4.0,4.0,7,5
2920,1,0,4.0,4.0,6.0,6.0,5.0,6.0,5.0,7,5
2921,0,0,4.0,4.0,5.0,6.0,5.0,6.0,6.0,7,5
2922,1,0,4.0,4.0,4.0,4.0,4.0,4.0,4.0,7,5
2923,1,0,3.0,3.0,3.0,3.0,3.0,4.0,3.0,7,5
2924,0,0,4.0,4.0,6.0,7.0,6.0,7.0,6.0,7,5
2925,0,0,4.0,4.0,7.0,6.0,7.0,7.0,6.0,7,5
2927,1,0,3.0,3.0,7.0,7.0,6.0,7.0,5.0,7,5
2928,0,0,3.0,3.0,4.0,4.0,4.0,4.0,4.0,7,5
2929,1,0,3.0,3.0,5.0,5.0,5.0,5.0,4.0,7,5
2930,1,0,3.0,3.0,5.0,5.0,6.0,6.0,6.0,7,5
2931,0,0,3.0,3.0,5.0,6.0,5.0,5.0,5.0,7,5
2932,1,0,4.0,4.0,5.0,5.0,6.0,6.0,5.0,7,5
2933,0,0,4.0,4.0,5.0,5.0,5.0,4.0,3.0,7,5
2935,0,0,3.0,3.0,4.0,5.0,5.0,5.0,5.0,7,5
2936,0,0,3.0,3.0,4.0,5.0,5.0,5.0,5.0,7,5
2937,1,0,4.0,4.0,6.0,6.0,6.0,6.0,6.0,7,5
2938,1,0,4.0,4.0,4.0,5.0,4.0,6.0,4.0,7,5
2940,1,0,3.0,3.0,4.0,3.0,4.0,4.0,5.0,7,5
2941,0,0,3.0,3.0,3.0,3.0,3.0,5.0,6.0,7,5
2942,1,0,4.0,4.0,7.0,6.0,6.0,6.0,5.0,7,5
2943,0,0,4.0,4.0,2.0,4.0,3.0,3.0,4.0,7,5
2944,0,0,4.0,4.0,3.0,3.0,3.0,4.0,5.0,7,5
2945,0,0,3.0,3.0,3.0,3.0,3.0,3.0,3.0,7,5
2946,1,0,3.0,3.0,4.0,4.0,5.0,5.0,4.0,7,5
2947,1,0,3.0,3.0,4.0,4.0,4.0,4.0,4.0,7,5
2948,1,0,3.0,3.0,3.0,4.0,4.0,4.0,4.0,7,5
2949,1,0,3.0,3.0,5.0,4.0,4.0,5.0,4.0,7,5
2950,1,0,3.0,3.0,3.0,3.0,4.0,3.0,4.0,7,5
2951,1,0,3.0,3.0,6.0,6.0,6.0,5.0,6.0,7,5
2952,1,0,4.0,4.0,4.0,4.0,5.0,5.0,5.0,7,5
2953,1,0,4.0,4.0,4.0,4.0,5.0,3.0,4.0,7,5
2954,0,0,4.0,4.0,7.0,7.0,6.0,7.0,7.0,7,5
2955,0,0,4.0,4.0,5.0,5.0,5.0,6.0,6.0,7,5
2956,1,0,4.0,4.0,5.0,5.0,5.0,4.0,3.0,7,5
3014,1,0,4.0,4.0,7.0,7.0,7.0,7.0,5.0,7,5
3016,1,0,3.0,3.0,4.0,5.0,4.0,4.0,5.0,7,5
3017,1,0,4.0,4.0,7.0,7.0,6.0,7.0,7.0,7,5
3018,1,0,3.0,3.0,5.0,4.0,4.0,5.0,4.0,7,5
3019,0,0,4.0,4.0,6.0,6.0,4.0,6.0,6.0,7,5
3020,1,0,3.0,3.0,4.0,4.0,4.0,6.0,6.0,7,5
3021,1,0,3.0,3.0,6.0,6.0,6.0,6.0,5.0,7,5
3022,0,0,4.0,4.0,4.0,5.0,7.0,6.0,6.0,7,5
3023,1,0,3.0,3.0,3.0,3.0,3.0,3.0,4.0,7,5
3025,1,0,4.0,4.0,7.0,6.0,7.0,7.0,7.0,7,5
3026,1,0,4.0,4.0,6.0,7.0,6.0,7.0,7.0,7,5
3027,1,0,4.0,4.0,6.0,6.0,6.0,6.0,6.0,7,5
3028,1,0,3.0,3.0,4.0,4.0,4.0,5.0,5.0,7,5
3030,0,0,4.0,4.0,6.0,5.0,5.0,6.0,6.0,7,5
3032,0,0,3.0,3.0,4.0,3.0,3.0,3.0,3.0,7,5
3036,0,0,4.0,4.0,5.0,5.0,6.0,6.0,6.0,7,5
3037,1,0,3.0,3.0,3.0,3.0,4.0,3.0,6.0,7,5
3038,1,0,3.0,3.0,4.0,4.0,4.0,5.0,6.0,7,5
3039,1,0,4.0,4.0,5.0,7.0,7.0,7.0,7.0,7,5
3040,1,0,3.0,3.0,4.0,5.0,5.0,5.0,3.0,7,5
3041,0,0,3.0,3.0,3.0,3.0,3.0,4.0,5.0,7,5
3042,0,0,3.0,3.0,3.0,4.0,4.0,5.0,5.0,7,5
3043,0,0,4.0,4.0,4.0,5.0,4.0,5.0,6.0,7,5
3044,0,0,4.0,4.0,5.0,6.0,6.0,7.0,6.0,7,5
3045,1,0,4.0,4.0,5.0,5.0,4.0,4.0,4.0,7,5
3046,1,0,3.0,3.0,6.0,6.0,6.0,6.0,6.0,7,5
3047,0,0,4.0,4.0,6.0,5.0,6.0,6.0,5.0,7,5
3049,0,0,4.0,4.0,4.0,4.0,4.0,6.0,5.0,7,5
3050,1,0,3.0,3.0,4.0,4.0,3.0,4.0,5.0,7,5
3051,1,0,3.0,3.0,5.0,7.0,6.0,7.0,7.0,7,5
3053,0,0,4.0,4.0,5.0,5.0,5.0,7.0,7.0,7,5
3054,0,0,4.0,4.0,6.0,5.0,5.0,5.0,6.0,7,5
3055,1,0,4.0,4.0,7.0,6.0,6.0,6.0,6.0,7,5
3056,0,0,4.0,4.0,6.0,5.0,6.0,7.0,7.0,7,5
3057,1,0,3.0,3.0,4.0,4.0,5.0,5.0,5.0,7,5
3059,0,0,4.0,4.0,5.0,5.0,5.0,6.0,6.0,7,5
3060,0,0,3.0,3.0,4.0,4.0,3.0,5.0,6.0,7,5
3061,1,0,3.0,3.0,3.0,3.0,3.0,3.0,4.0,7,5
3062,1,0,3.0,3.0,4.0,4.0,4.0,4.0,5.0,7,5
3063,1,0,4.0,4.0,3.0,5.0,4.0,5.0,5.0,7,5
3066,1,0,4.0,4.0,5.0,5.0,4.0,4.0,3.0,7,5
3067,0,0,3.0,3.0,3.0,4.0,4.0,5.0,6.0,7,5
3068,1,0,4.0,4.0,4.0,6.0,6.0,6.0,6.0,7,5
3069,1,0,4.0,4.0,4.0,5.0,3.0,4.0,5.0,7,5
3070,1,0,4.0,4.0,5.0,6.0,6.0,6.0,7.0,7,5
3073,1,0,3.0,3.0,3.0,3.0,3.0,4.0,4.0,7,5
3076,1,0,4.0,4.0,6.0,7.0,6.0,7.0,7.0,7,5
3077,0,0,4.0,4.0,3.0,4.0,4.0,4.0,5.0,7,5
3079,1,0,3.0,3.0,6.0,6.0,6.0,5.0,6.0,7,5
3080,1,0,3.0,3.0,3.0,3.0,3.0,4.0,5.0,7,5
3082,1,0,3.0,3.0,3.0,4.0,3.0,4.0,4.0,7,5
3083,0,0,3.0,3.0,4.0,4.0,3.0,4.0,5.0,7,5
3086,1,0,3.0,3.0,4.0,5.0,5.0,5.0,4.0,7,5
3087,1,0,3.0,3.0,5.0,5.0,5.0,5.0,6.0,7,5
3088,1,0,3.0,3.0,5.0,4.0,5.0,5.0,6.0,7,5
3089,1,0,3.0,3.0,4.0,5.0,4.0,5.0,4.0,7,5
3090,1,0,3.0,3.0,7.0,7.0,2.0,7.0,3.0,7,5
3092,1,0,4.0,4.0,6.0,5.0,6.0,7.0,6.0,7,5
3093,1,0,3.0,3.0,4.0,4.0,4.0,4.0,4.0,7,5
3094,1,0,4.0,4.0,4.0,4.0,4.0,5.0,5.0,7,5
3097,1,0,3.0,3.0,4.0,5.0,4.0,4.0,6.0,7,5
3098,1,0,4.0,4.0,7.0,7.0,7.0,7.0,7.0,7,5
3099,1,0,3.0,3.0,3.0,3.0,3.0,3.0,3.0,7,5
3100,1,0,3.0,3.0,3.0,4.0,3.0,4.0,4.0,7,5
3101,0,0,3.0,3.0,3.0,4.0,4.0,5.0,4.0,7,5
3102,1,0,3.0,3.0,4.0,4.0,3.0,4.0,4.0,7,5
3103,1,0,3.0,3.0,2.0,7.0,3.0,3.0,4.0,7,5
3104,0,0,3.0,3.0,3.0,3.0,4.0,5.0,5.0,7,5
3105,1,0,3.0,3.0,4.0,5.0,4.0,5.0,4.0,7,5
3106,0,0,4.0,4.0,6.0,7.0,6.0,6.0,7.0,7,5
3107,1,0,3.0,3.0,4.0,3.0,3.0,4.0,3.0,7,5
3108,0,0,3.0,3.0,5.0,6.0,6.0,6.0,7.0,7,5
3111,0,0,3.0,3.0,7.0,7.0,3.0,5.0,4.0,7,5
3112,0,0,3.0,3.0,3.0,7.0,3.0,3.0,5.0,7,5
3113,0,0,3.0,3.0,3.0,3.0,4.0,5.0,4.0,7,5
3114,0,0,4.0,4.0,5.0,5.0,6.0,6.0,6.0,7,5
3115,0,0,4.0,4.0,5.0,5.0,7.0,7.0,6.0,7,5
3116,1,0,4.0,4.0,6.0,5.0,5.0,5.0,6.0,7,5
3117,1,0,4.0,4.0,6.0,5.0,5.0,5.0,5.0,7,5
3118,0,0,4.0,4.0,3.0,4.0,4.0,5.0,5.0,7,5
3119,1,0,3.0,3.0,4.0,4.0,5.0,4.0,4.0,7,5
3120,1,0,4.0,4.0,7.0,6.0,7.0,7.0,7.0,7,5
3121,0,0,3.0,3.0,6.0,7.0,7.0,6.0,6.0,7,5
3124,1,0,3.0,3.0,3.0,4.0,3.0,4.0,4.0,7,5
3125,0,0,3.0,3.0,4.0,3.0,3.0,4.0,6.0,7,5
3126,0,0,4.0,4.0,3.0,4.0,3.0,5.0,4.0,7,5
3128,1,0,4.0,4.0,4.0,5.0,6.0,5.0,5.0,7,5
3129,1,0,3.0,3.0,4.0,4.0,5.0,5.0,5.0,7,5
3130,1,0,4.0,4.0,4.0,5.0,5.0,5.0,6.0,7,5
3133,0,0,3.0,3.0,4.0,4.0,4.0,4.0,4.0,7,5
3134,1,0,4.0,4.0,3.0,4.0,5.0,6.0,5.0,7,5
3136,1,0,4.0,4.0,4.0,4.0,5.0,4.0,4.0,7,5
3137,1,0,3.0,3.0,3.0,4.0,4.0,4.0,3.0,7,5
3138,1,0,3.0,3.0,4.0,3.0,3.0,3.0,4.0,7,5
3139,1,0,4.0,4.0,4.0,3.0,3.0,4.0,4.0,7,5
3140,0,0,4.0,4.0,6.0,5.0,6.0,7.0,6.0,7,5
3141,0,0,3.0,3.0,3.0,7.0,4.0,7.0,4.0,7,5
3142,1,0,3.0,3.0,4.0,3.0,5.0,6.0,5.0,7,5
3143,1,0,4.0,4.0,4.0,4.0,5.0,6.0,5.0,7,5
3144,1,0,4.0,4.0,4.0,4.0,4.0,5.0,6.0,7,5
3145,1,0,4.0,4.0,5.0,6.0,6.0,7.0,6.0,7,5
3146,1,0,3.0,3.0,2.0,7.0,4.0,5.0,4.0,7,5
3147,1,0,3.0,3.0,4.0,5.0,4.0,3.0,6.0,7,5
3148,1,0,3.0,3.0,3.0,4.0,4.0,3.0,4.0,7,5
3149,1,0,2.0,2.0,2.0,7.0,5.0,3.0,6.0,7,5
3150,1,0,3.0,3.0,5.0,4.0,5.0,5.0,5.0,7,5
3151,0,0,4.0,4.0,4.0,5.0,5.0,5.0,6.0,7,5
3152,1,0,3.0,3.0,5.0,5.0,4.0,5.0,5.0,7,5
3153,1,0,3.0,3.0,4.0,4.0,5.0,5.0,5.0,7,5
3154,1,0,4.0,4.0,5.0,5.0,5.0,5.0,5.0,7,5
3155,1,0,3.0,3.0,2.0,7.0,3.0,4.0,3.0,7,5
3156,1,0,4.0,4.0,3.0,3.0,3.0,5.0,6.0,7,5
3157,1,0,3.0,3.0,3.0,3.0,3.0,3.0,6.0,7,5
3158,0,0,3.0,3.0,3.0,3.0,4.0,4.0,6.0,7,5
3159,1,0,4.0,4.0,6.0,6.0,5.0,6.0,6.0,7,5
3162,1,0,4.0,4.0,7.0,7.0,7.0,7.0,7.0,14,5
3163,1,0,4.0,4.0,7.0,7.0,7.0,7.0,7.0,14,5
3164,1,0,4.0,4.0,7.0,7.0,7.0,7.0,7.0,14,5
3165,1,0,4.0,4.0,6.0,7.0,7.0,7.0,7.0,14,5
3166,1,0,4.0,4.0,6.0,6.0,7.0,7.0,7.0,14,5
3167,1,0,4.0,4.0,7.0,7.0,7.0,7.0,6.0,14,5
3168,0,0,4.0,4.0,7.0,6.0,7.0,7.0,7.0,14,5
3169,1,0,4.0,4.0,5.0,7.0,7.0,7.0,7.0,14,5
3171,1,0,4.0,4.0,7.0,6.0,6.0,7.0,6.0,14,5
3172,0,0,4.0,4.0,6.0,6.0,6.0,7.0,6.0,14,5
3174,0,0,4.0,4.0,6.0,6.0,7.0,7.0,6.0,14,5
3177,0,0,4.0,4.0,6.0,6.0,7.0,7.0,6.0,14,5
3179,1,0,4.0,4.0,6.0,6.0,6.0,7.0,7.0,14,5
3180,1,0,4.0,4.0,5.0,7.0,6.0,6.0,6.0,14,5
3181,1,0,4.0,4.0,5.0,5.0,6.0,7.0,6.0,14,5
3182,0,0,3.0,3.0,7.0,5.0,6.0,6.0,6.0,14,5
3183,1,0,4.0,4.0,5.0,6.0,6.0,6.0,6.0,14,5
3185,1,0,4.0,4.0,6.0,6.0,6.0,7.0,5.0,14,5
3187,1,0,4.0,4.0,6.0,5.0,5.0,6.0,6.0,14,5
3188,1,0,4.0,4.0,6.0,5.0,6.0,7.0,6.0,14,5
3190,1,0,4.0,4.0,6.0,5.0,6.0,6.0,6.0,7,5
3191,1,0,4.0,4.0,5.0,7.0,5.0,5.0,6.0,14,5
3193,1,0,4.0,4.0,6.0,6.0,6.0,6.0,5.0,14,5
3194,0,0,4.0,4.0,6.0,5.0,6.0,6.0,6.0,14,5
3195,0,0,4.0,4.0,4.0,5.0,6.0,6.0,5.0,14,5
3196,0,0,4.0,4.0,6.0,6.0,5.0,6.0,5.0,14,5
3197,1,0,3.0,3.0,5.0,6.0,6.0,6.0,5.0,14,5
3198,1,0,4.0,4.0,5.0,5.0,6.0,6.0,6.0,14,5
3199,1,0,4.0,4.0,6.0,6.0,6.0,6.0,5.0,14,5
3200,1,0,4.0,4.0,6.0,5.0,5.0,6.0,5.0,14,5
3201,0,0,4.0,4.0,5.0,5.0,4.0,7.0,5.0,14,5
3202,1,0,4.0,4.0,5.0,6.0,5.0,6.0,5.0,14,5
3204,1,0,4.0,4.0,5.0,5.0,5.0,6.0,6.0,14,5
3205,0,0,4.0,4.0,4.0,5.0,6.0,6.0,5.0,14,5
3206,1,0,4.0,4.0,5.0,5.0,6.0,6.0,5.0,14,5
3207,1,0,3.0,3.0,5.0,5.0,5.0,6.0,6.0,14,5
3208,1,0,3.0,3.0,5.0,5.0,5.0,6.0,6.0,14,5
3209,1,0,4.0,4.0,6.0,5.0,6.0,6.0,4.0,14,5
3210,1,0,4.0,4.0,4.0,4.0,5.0,6.0,6.0,14,5
3211,1,0,4.0,4.0,4.0,6.0,6.0,6.0,5.0,14,5
3212,1,0,4.0,4.0,5.0,5.0,5.0,6.0,5.0,14,5
3213,0,0,4.0,4.0,4.0,5.0,6.0,6.0,5.0,14,5
3214,0,0,4.0,4.0,6.0,5.0,5.0,6.0,5.0,14,5
3215,0,0,3.0,3.0,4.0,5.0,5.0,6.0,6.0,14,5
3216,0,0,3.0,3.0,5.0,5.0,6.0,5.0,5.0,14,5
3217,1,0,3.0,3.0,3.0,4.0,5.0,6.0,6.0,14,5
3218,0,0,4.0,4.0,4.0,5.0,5.0,5.0,5.0,14,5
3219,0,0,4.0,4.0,4.0,4.0,5.0,6.0,4.0,14,5
3220,0,0,3.0,3.0,4.0,3.0,5.0,6.0,6.0,14,5
3221,0,0,3.0,3.0,4.0,5.0,5.0,5.0,5.0,14,5
3223,1,0,4.0,4.0,6.0,5.0,5.0,5.0,4.0,14,5
3225,1,0,4.0,4.0,5.0,5.0,4.0,5.0,5.0,14,5
3226,1,0,3.0,3.0,5.0,4.0,4.0,5.0,6.0,14,5
3227,0,0,4.0,4.0,5.0,5.0,4.0,3.0,5.0,14,5
3229,0,0,3.0,3.0,4.0,4.0,3.0,3.0,4.0,14,5
3230,0,0,4.0,4.0,4.0,4.0,3.0,3.0,4.0,14,5
3231,1,0,3.0,3.0,3.0,3.0,4.0,4.0,4.0,14,5
3232,1,0,3.0,3.0,3.0,3.0,3.0,4.0,4.0,14,5
3234,1,0,3.0,3.0,3.0,4.0,5.0,5.0,4.0,14,5
3235,1,0,4.0,4.0,6.0,5.0,6.0,7.0,6.0,14,5
3236,1,0,4.0,4.0,4.0,6.0,5.0,6.0,6.0,14,5
3237,0,0,4.0,4.0,6.0,5.0,7.0,7.0,6.0,14,5
3238,0,0,4.0,4.0,7.0,5.0,7.0,7.0,7.0,14,5
3239,1,0,3.0,3.0,4.0,5.0,5.0,5.0,6.0,14,5
3240,0,0,4.0,4.0,4.0,4.0,6.0,7.0,7.0,13,5
3241,0,0,3.0,3.0,4.0,4.0,4.0,6.0,6.0,14,5
3242,1,0,4.0,4.0,5.0,5.0,6.0,6.0,6.0,14,5
3243,0,0,4.0,4.0,5.0,5.0,6.0,6.0,6.0,14,5
3246,0,0,3.0,3.0,6.0,6.0,5.0,6.0,6.0,14,5
3247,0,0,4.0,4.0,6.0,7.0,6.0,7.0,6.0,14,5
3248,0,0,4.0,4.0,6.0,6.0,7.0,7.0,7.0,14,5
3249,1,0,4.0,4.0,6.0,5.0,6.0,6.0,6.0,14,5
3250,1,0,3.0,3.0,5.0,6.0,6.0,6.0,6.0,14,5
3251,1,0,4.0,4.0,5.0,5.0,5.0,5.0,5.0,14,5
3252,0,0,4.0,4.0,6.0,6.0,6.0,6.0,5.0,14,5
3253,1,0,4.0,4.0,6.0,5.0,7.0,7.0,7.0,14,5
3254,1,0,4.0,4.0,7.0,5.0,7.0,7.0,6.0,14,5
3255,1,0,4.0,4.0,6.0,5.0,5.0,4.0,5.0,14,5
3256,1,0,4.0,4.0,4.0,7.0,3.0,4.0,5.0,14,5
3257,0,0,3.0,3.0,7.0,6.0,7.0,7.0,6.0,14,5
3258,0,0,4.0,4.0,6.0,6.0,7.0,6.0,6.0,14,5
3260,1,0,3.0,3.0,6.0,6.0,6.0,6.0,6.0,14,5
3261,0,0,4.0,4.0,6.0,7.0,7.0,7.0,7.0,14,5
3262,1,0,4.0,4.0,6.0,7.0,7.0,6.0,6.0,14,5
3263,1,0,4.0,4.0,6.0,4.0,6.0,7.0,6.0,14,5
3265,1,0,3.0,3.0,3.0,5.0,4.0,4.0,5.0,14,5
3266,1,0,4.0,4.0,5.0,5.0,5.0,5.0,6.0,14,5
3267,1,0,3.0,3.0,3.0,6.0,4.0,5.0,5.0,14,5
3269,1,0,4.0,4.0,5.0,6.0,6.0,6.0,6.0,14,5
3270,0,0,4.0,4.0,6.0,6.0,7.0,7.0,7.0,14,5
3271,0,0,4.0,4.0,6.0,5.0,7.0,7.0,7.0,14,5
3273,1,0,4.0,4.0,6.0,5.0,7.0,7.0,6.0,14,5
3274,1,0,3.0,3.0,4.0,3.0,4.0,4.0,5.0,14,5
3275,1,0,3.0,3.0,3.0,6.0,3.0,3.0,6.0,14,5
3276,1,0,4.0,4.0,7.0,5.0,7.0,7.0,7.0,14,5
3277,1,0,4.0,4.0,5.0,6.0,4.0,5.0,6.0,14,5
3278,1,0,4.0,4.0,6.0,6.0,6.0,6.0,5.0,14,5
3279,1,0,4.0,4.0,5.0,5.0,7.0,6.0,5.0,14,5
3280,1,0,4.0,4.0,6.0,5.0,6.0,7.0,6.0,14,5
3281,1,0,3.0,3.0,4.0,4.0,3.0,3.0,3.0,14,5
3282,0,0,3.0,3.0,3.0,5.0,5.0,3.0,4.0,14,5
3284,1,0,3.0,3.0,4.0,5.0,5.0,5.0,5.0,14,5
3290,0,0,3.0,3.0,5.0,5.0,6.0,6.0,6.0,14,5
3291,1,0,3.0,3.0,5.0,6.0,6.0,5.0,5.0,14,5
3292,1,0,4.0,4.0,5.0,5.0,5.0,6.0,6.0,14,5
3293,1,0,3.0,3.0,3.0,4.0,5.0,7.0,5.0,14,5
3294,1,0,3.0,3.0,4.0,4.0,4.0,4.0,6.0,14,5
3295,1,0,3.0,3.0,5.0,6.0,5.0,4.0,5.0,14,5
3296,0,0,4.0,4.0,5.0,5.0,6.0,5.0,6.0,14,5
3297,1,0,3.0,3.0,3.0,4.0,5.0,4.0,5.0,14,5
3299,0,0,4.0,4.0,7.0,7.0,7.0,7.0,7.0,14,5
3300,0,0,4.0,4.0,5.0,6.0,6.0,7.0,6.0,14,5
3301,1,0,4.0,4.0,4.0,4.0,5.0,5.0,5.0,14,5
3302,1,0,3.0,3.0,5.0,5.0,5.0,5.0,5.0,14,5
3303,1,0,3.0,3.0,5.0,5.0,6.0,6.0,6.0,14,5
3304,1,0,3.0,3.0,5.0,5.0,6.0,5.0,5.0,14,5
3305,1,0,3.0,3.0,5.0,5.0,6.0,6.0,5.0,14,5
3306,1,0,3.0,3.0,3.0,4.0,4.0,5.0,5.0,14,5
3307,0,0,3.0,3.0,4.0,4.0,5.0,5.0,4.0,14,5
3308,0,0,4.0,4.0,5.0,6.0,6.0,6.0,7.0,14,5
3309,0,0,3.0,3.0,4.0,3.0,4.0,4.0,4.0,14,5
3310,1,0,4.0,4.0,5.0,6.0,6.0,7.0,6.0,14,5
3311,0,0,4.0,4.0,3.0,4.0,4.0,5.0,5.0,14,5
3312,1,0,3.0,3.0,4.0,4.0,5.0,4.0,3.0,14,5
3313,0,0,3.0,3.0,4.0,4.0,4.0,4.0,4.0,14,5
3314,1,0,3.0,3.0,6.0,6.0,6.0,5.0,5.0,14,5
3315,1,0,3.0,3.0,4.0,5.0,5.0,5.0,5.0,14,5
3316,0,0,4.0,4.0,6.0,7.0,7.0,7.0,7.0,14,5
3318,1,0,3.0,3.0,5.0,6.0,6.0,5.0,5.0,14,5
3319,1,0,3.0,3.0,5.0,5.0,5.0,5.0,5.0,14,5
3320,0,0,4.0,4.0,4.0,5.0,5.0,5.0,6.0,14,5
3321,0,0,3.0,3.0,3.0,3.0,3.0,3.0,5.0,14,5
3322,1,0,3.0,3.0,3.0,4.0,4.0,4.0,4.0,14,5
3326,1,0,3.0,3.0,3.0,5.0,4.0,4.0,3.0,14,5
3327,1,0,3.0,3.0,4.0,5.0,5.0,6.0,5.0,14,5
3328,0,0,4.0,4.0,4.0,5.0,5.0,5.0,5.0,14,5
3329,0,0,4.0,4.0,4.0,4.0,4.0,3.0,4.0,14,5
3330,1,0,3.0,3.0,3.0,4.0,5.0,6.0,6.0,13,5
3333,0,0,4.0,4.0,3.0,3.0,4.0,6.0,6.0,14,5
3334,1,0,4.0,4.0,7.0,6.0,7.0,7.0,7.0,14,5
3335,0,0,4.0,4.0,3.0,4.0,4.0,4.0,5.0,14,5
3336,1,0,4.0,4.0,6.0,6.0,5.0,6.0,5.0,14,5
3337,1,0,3.0,3.0,4.0,5.0,5.0,5.0,6.0,14,5
3338,1,0,3.0,3.0,4.0,4.0,5.0,5.0,4.0,14,5
3339,1,0,4.0,4.0,5.0,4.0,5.0,5.0,5.0,14,5
3340,1,0,4.0,4.0,6.0,5.0,5.0,4.0,5.0,14,5
3341,0,0,4.0,4.0,5.0,6.0,6.0,6.0,6.0,14,5
3342,0,0,3.0,3.0,5.0,5.0,6.0,6.0,7.0,14,5
3344,1,0,3.0,3.0,4.0,6.0,4.0,6.0,7.0,14,5
3345,1,0,3.0,3.0,3.0,3.0,5.0,5.0,3.0,14,5
3346,0,0,4.0,4.0,5.0,5.0,6.0,7.0,7.0,14,5
3347,0,0,4.0,4.0,5.0,6.0,6.0,6.0,6.0,14,5
3348,1,0,3.0,3.0,4.0,5.0,5.0,5.0,5.0,14,5
3349,0,0,3.0,3.0,4.0,5.0,5.0,6.0,6.0,14,5
3351,1,0,4.0,4.0,6.0,6.0,7.0,6.0,6.0,14,5
3352,1,0,4.0,4.0,3.0,5.0,4.0,4.0,5.0,14,5
3353,1,0,3.0,3.0,4.0,4.0,4.0,5.0,6.0,14,5
3354,0,0,3.0,3.0,4.0,5.0,4.0,5.0,5.0,14,5
3355,1,0,4.0,4.0,4.0,5.0,4.0,5.0,5.0,14,5
